,Unnamed: 0,income,income_index,disparity,capacity,workload,total,actual,actual_avg,type
0,0,1e-06,0,1,0.001,1e-06,31.536000000000048,12.841090999999803,4.071883244545853e-07,season
1,1,1e-06,0,1,0.0013257113655901,1e-06,31.536000000000048,13.018700999999794,4.128203006088215e-07,season
2,2,1e-06,0,1,0.0017575106248547,1e-06,31.536000000000048,13.223390999999776,4.193109779299777e-07,season
3,3,1e-06,0,1,0.0023299518105153,1e-06,31.536000000000048,13.459658999999752,4.26802987062397e-07,season
4,4,1e-06,0,1,0.0030888435964774,1e-06,31.536000000000048,13.733049999999723,4.354721588026295e-07,season
5,5,1e-06,0,1,0.0040949150623804,1e-06,31.536000000000048,14.0510299999997,4.455552384576262e-07,season
6,6,1e-06,0,1,0.0054286754393238,1e-06,31.536000000000048,14.423143999999672,4.573548959918719e-07,season
7,7,1e-06,0,1,0.0071968567300115,1e-06,31.536000000000048,14.863653999999636,4.713233764586389e-07,season
8,8,1e-06,0,1,0.0095409547634999,1e-06,31.536000000000048,15.3953829999996,4.881843924403729e-07,season
9,9,1e-06,0,1,0.0126485521685529,1e-06,31.536000000000048,16.06305899999956,5.093562595129236e-07,season
10,10,1e-06,0,1,0.01676832936811,1e-06,31.536000000000048,16.99481299999967,5.389019850329677e-07,season
11,11,1e-06,0,1,0.0222299648252619,1e-06,31.536000000000048,18.458852999999763,5.853263888888814e-07,season
12,12,1e-06,0,1,0.029470517025518,1e-06,31.536000000000048,18.89493299999979,5.991543949771623e-07,season
13,13,1e-06,0,1,0.0390693993705461,1e-06,31.536000000000048,18.918914999999792,5.99914859208517e-07,season
14,14,1e-06,0,1,0.0517947467923121,1e-06,31.536000000000048,18.9471339999998,6.00809677828507e-07,season
15,15,1e-06,0,1,0.06866488450043,1e-06,31.536000000000048,18.975504999999803,6.017093163368786e-07,season
16,16,1e-06,0,1,0.0910298177991521,1e-06,31.536000000000048,19.01350199999981,6.02914193302886e-07,season
17,17,1e-06,0,1,0.1206792640639329,1e-06,31.536000000000048,19.06104799999981,6.044218670725462e-07,season
18,18,1e-06,0,1,0.1599858719606057,1e-06,31.536000000000048,19.12019199999982,6.062973110096342e-07,season
19,19,1e-06,0,1,0.212095088792019,1e-06,31.536000000000048,19.20144799999984,6.088739218670673e-07,season
20,20,1e-06,0,1,0.281176869797423,1e-06,31.536000000000048,19.296423999999853,6.118855910705179e-07,season
21,21,1e-06,0,1,0.3727593720314938,1e-06,31.536000000000048,19.434423999999872,6.16261542364278e-07,season
22,22,1e-06,0,1,0.4941713361323833,1e-06,31.536000000000048,19.606458999999894,6.217167364282058e-07,season
23,23,1e-06,0,1,0.655128556859551,1e-06,31.536000000000048,19.861238999999937,6.297957572298306e-07,season
24,24,1e-06,0,1,0.868511373751352,1e-06,31.536000000000048,20.27108399999999,6.427918569254183e-07,season
25,25,1e-06,0,1,1.151395399326447,1e-06,31.536000000000048,20.734199000000054,6.574771372399814e-07,season
26,26,1e-06,0,1,1.5264179671752334,1e-06,31.536000000000048,21.30095700000013,6.754489155251182e-07,season
27,27,1e-06,0,1,2.023589647725158,1e-06,31.536000000000048,21.94942900000021,6.960118277524167e-07,season
28,28,1e-06,0,1,2.682695795279725,1e-06,31.536000000000048,22.73240200000032,7.208397387113241e-07,season
29,29,1e-06,0,1,3.5564803062231287,1e-06,31.536000000000048,23.680034000000443,7.508889523084869e-07,season
30,30,1e-06,0,1,4.714866363457395,1e-06,31.536000000000048,24.8607330000006,7.883286719939308e-07,season
31,31,1e-06,0,1,6.25055192527397,1e-06,31.536000000000048,26.40894200000081,8.374220573313294e-07,season
32,32,1e-06,0,1,8.286427728546842,1e-06,31.536000000000048,28.723065000001117,9.108024162861844e-07,season
33,33,1e-06,0,1,10.985411419875572,1e-06,31.536000000000048,31.51445800000153,9.99316907661134e-07,season
34,34,1e-06,0,1,14.563484775012444,1e-06,31.536000000000048,31.51445800000153,9.99316907661134e-07,season
35,35,1e-06,0,1,19.306977288832496,1e-06,31.536000000000048,31.51445800000153,9.99316907661134e-07,season
36,36,1e-06,0,1,25.595479226995334,1e-06,31.536000000000048,31.51445800000153,9.99316907661134e-07,season
37,37,1e-06,0,1,33.9322177189533,1e-06,31.536000000000048,31.51445800000153,9.99316907661134e-07,season
38,38,1e-06,0,1,44.98432668969444,1e-06,31.536000000000048,31.51445800000153,9.99316907661134e-07,season
39,39,1e-06,0,1,59.636233165946365,1e-06,31.536000000000048,31.51445800000153,9.99316907661134e-07,season
40,40,1e-06,0,1,79.06043210907701,1e-06,31.536000000000048,31.51445800000153,9.99316907661134e-07,season
41,41,1e-06,0,1,104.81131341546852,1e-06,31.536000000000048,31.51445800000153,9.99316907661134e-07,season
42,42,1e-06,0,1,138.9495494373136,1e-06,31.536000000000048,31.51445800000153,9.99316907661134e-07,season
43,43,1e-06,0,1,184.20699693267164,1e-06,31.536000000000048,31.51445800000153,9.99316907661134e-07,season
44,44,1e-06,0,1,244.205309454865,1e-06,31.536000000000048,31.51445800000153,9.99316907661134e-07,season
45,45,1e-06,0,1,323.745754281764,1e-06,31.536000000000048,31.51445800000153,9.99316907661134e-07,season
46,46,1e-06,0,1,429.1934260128778,1e-06,31.536000000000048,31.51445800000153,9.99316907661134e-07,season
47,47,1e-06,0,1,568.9866029018293,1e-06,31.536000000000048,31.51445800000153,9.99316907661134e-07,season
48,48,1e-06,0,1,754.3120063354608,1e-06,31.536000000000048,31.51445800000153,9.99316907661134e-07,season
49,49,1e-06,0,1,1000.0,1e-06,31.536000000000048,31.51445800000153,9.99316907661134e-07,season
50,50,1.6681005372000591e-06,1,1,0.001,1.6681005372000591e-06,52.60521854114099,20.977992321414835,6.652077727490752e-07,season
51,51,1.6681005372000591e-06,1,1,0.0013257113655901,1.6681005372000591e-06,52.60521854114099,21.207751485107146,6.724933880361221e-07,season
52,52,1.6681005372000591e-06,1,1,0.0017575106248547,1.6681005372000591e-06,52.60521854114099,21.47196526539533,6.808715520483044e-07,season
53,53,1.6681005372000591e-06,1,1,0.0023299518105153,1.6681005372000591e-06,52.60521854114099,21.776173424163403,6.905179294826041e-07,season
54,54,1.6681005372000591e-06,1,1,0.0030888435964774,1.6681005372000591e-06,52.60521854114099,22.126596308314607,7.016297662453896e-07,season
55,55,1.6681005372000591e-06,1,1,0.0040949150623804,1.6681005372000591e-06,52.60521854114099,22.53140093807907,7.144660368492856e-07,season
56,56,1.6681005372000591e-06,1,1,0.0054286754393238,1.6681005372000591e-06,52.60521854114099,23.000340697297773,7.293360190670273e-07,season
57,57,1.6681005372000591e-06,1,1,0.0071968567300115,1.6681005372000591e-06,52.60521854114099,23.546028094132517,7.46639652908819e-07,season
58,58,1.6681005372000591e-06,1,1,0.0095409547634999,1.6681005372000591e-06,52.60521854114099,24.18589144299596,7.669295865993137e-07,season
59,59,1.6681005372000591e-06,1,1,0.0126485521685529,1.6681005372000591e-06,52.60521854114099,24.945314229762666,7.910107251954167e-07,season
60,60,1.6681005372000591e-06,1,1,0.01676832936811,1.6681005372000591e-06,52.60521854114099,25.86688472924789,8.202335340324673e-07,season
61,61,1.6681005372000591e-06,1,1,0.0222299648252619,1.6681005372000591e-06,52.60521854114099,27.0376844618956,8.573593500093734e-07,season
62,62,1.6681005372000591e-06,1,1,0.029470517025518,1.6681005372000591e-06,52.60521854114099,28.75031494293606,9.116665063082212e-07,season
63,63,1.6681005372000591e-06,1,1,0.0390693993705461,1.6681005372000591e-06,52.60521854114099,31.05066395004705,9.846100948137698e-07,season
64,64,1.6681005372000591e-06,1,1,0.0517947467923121,1.6681005372000591e-06,52.60521854114099,31.52375727960335,9.996117858829067e-07,season
65,65,1.6681005372000591e-06,1,1,0.06866488450043,1.6681005372000591e-06,52.60521854114099,31.564525656732517,1.0009045426411885e-06,season
66,66,1.6681005372000591e-06,1,1,0.0910298177991521,1.6681005372000591e-06,52.60521854114099,31.61134256640956,1.00238909710837e-06,season
67,67,1.6681005372000591e-06,1,1,0.1206792640639329,1.6681005372000591e-06,52.60521854114099,31.6686968671801,1.0042077900551782e-06,season
68,68,1.6681005372000591e-06,1,1,0.1599858719606057,1.6681005372000591e-06,52.60521854114099,31.737928043775508,1.00640309626381e-06,season
69,69,1.6681005372000591e-06,1,1,0.212095088792019,1.6681005372000591e-06,52.60521854114099,31.81756816772304,1.0089284680277474e-06,season
70,70,1.6681005372000591e-06,1,1,0.281176869797423,1.6681005372000591e-06,52.60521854114099,31.9229170571499,1.0122690593971936e-06,season
71,71,1.6681005372000591e-06,1,1,0.3727593720314938,1.6681005372000591e-06,52.60521854114099,32.04974274099321,1.0162906754500638e-06,season
72,72,1.6681005372000591e-06,1,1,0.4941713361323833,1.6681005372000591e-06,52.60521854114099,32.227111871113664,1.0219150136705249e-06,season
73,73,1.6681005372000591e-06,1,1,0.655128556859551,1.6681005372000591e-06,52.60521854114099,32.454737534218886,1.0291329760977578e-06,season
74,74,1.6681005372000591e-06,1,1,0.868511373751352,1.6681005372000591e-06,52.60521854114099,32.781908764982056,1.03950750776833e-06,season
75,75,1.6681005372000591e-06,1,1,1.151395399326447,1.6681005372000591e-06,52.60521854114099,33.246307954538494,1.0542335094665935e-06,season
76,76,1.6681005372000591e-06,1,1,1.5264179671752334,1.6681005372000591e-06,52.60521854114099,33.95415140459445,1.076679078024938e-06,season
77,77,1.6681005372000591e-06,1,1,2.023589647725158,1.6681005372000591e-06,52.60521854114099,34.760813130474126,1.1022581535538473e-06,season
78,78,1.6681005372000591e-06,1,1,2.682695795279725,1.6681005372000591e-06,52.60521854114099,35.70927841492062,1.1323337904274676e-06,season
79,79,1.6681005372000591e-06,1,1,3.5564803062231287,1.6681005372000591e-06,52.60521854114099,36.843086350055394,1.168286604200133e-06,season
80,80,1.6681005372000591e-06,1,1,4.714866363457395,1.6681005372000591e-06,52.60521854114099,38.18786229633091,1.2109291697213e-06,season
81,81,1.6681005372000591e-06,1,1,6.25055192527397,1.6681005372000591e-06,52.60521854114099,39.83283962388415,1.263091058596022e-06,season
82,82,1.6681005372000591e-06,1,1,8.286427728546842,1.6681005372000591e-06,52.60521854114099,41.89212808616333,1.3283906673694614e-06,season
83,83,1.6681005372000591e-06,1,1,10.985411419875572,1.6681005372000591e-06,52.60521854114099,44.63414841301146,1.4153395615490697e-06,season
84,84,1.6681005372000591e-06,1,1,14.563484775012444,1.6681005372000591e-06,52.60521854114099,48.94132078430565,1.5519191014810265e-06,season
85,85,1.6681005372000591e-06,1,1,19.306977288832496,1.6681005372000591e-06,52.60521854114099,52.569284319365416,1.6669610705024548e-06,season
86,86,1.6681005372000591e-06,1,1,25.595479226995334,1.6681005372000591e-06,52.60521854114099,52.569284319365416,1.6669610705024548e-06,season
87,87,1.6681005372000591e-06,1,1,33.9322177189533,1.6681005372000591e-06,52.60521854114099,52.569284319365416,1.6669610705024548e-06,season
88,88,1.6681005372000591e-06,1,1,44.98432668969444,1.6681005372000591e-06,52.60521854114099,52.569284319365416,1.6669610705024548e-06,season
89,89,1.6681005372000591e-06,1,1,59.636233165946365,1.6681005372000591e-06,52.60521854114099,52.569284319365416,1.6669610705024548e-06,season
90,90,1.6681005372000591e-06,1,1,79.06043210907701,1.6681005372000591e-06,52.60521854114099,52.569284319365416,1.6669610705024548e-06,season
91,91,1.6681005372000591e-06,1,1,104.81131341546852,1.6681005372000591e-06,52.60521854114099,52.569284319365416,1.6669610705024548e-06,season
92,92,1.6681005372000591e-06,1,1,138.9495494373136,1.6681005372000591e-06,52.60521854114099,52.569284319365416,1.6669610705024548e-06,season
93,93,1.6681005372000591e-06,1,1,184.20699693267164,1.6681005372000591e-06,52.60521854114099,52.569284319365416,1.6669610705024548e-06,season
94,94,1.6681005372000591e-06,1,1,244.205309454865,1.6681005372000591e-06,52.60521854114099,52.569284319365416,1.6669610705024548e-06,season
95,95,1.6681005372000591e-06,1,1,323.745754281764,1.6681005372000591e-06,52.60521854114099,52.569284319365416,1.6669610705024548e-06,season
96,96,1.6681005372000591e-06,1,1,429.1934260128778,1.6681005372000591e-06,52.60521854114099,52.569284319365416,1.6669610705024548e-06,season
97,97,1.6681005372000591e-06,1,1,568.9866029018293,1.6681005372000591e-06,52.60521854114099,52.569284319365416,1.6669610705024548e-06,season
98,98,1.6681005372000591e-06,1,1,754.3120063354608,1.6681005372000591e-06,52.60521854114099,52.569284319365416,1.6669610705024548e-06,season
99,99,1.6681005372000591e-06,1,1,1000.0,1.6681005372000591e-06,52.60521854114099,52.569284319365416,1.6669610705024548e-06,season
100,100,2.782559402207126e-06,2,1,0.001,2.782559402207126e-06,87.75079330800395,34.42059649498973,1.0914699548132208e-06,season
101,101,2.782559402207126e-06,2,1,0.0013257113655901,2.782559402207126e-06,87.75079330800395,34.71847504411482,1.1009156216424028e-06,season
102,102,2.782559402207126e-06,2,1,0.0017575106248547,2.782559402207126e-06,87.75079330800395,35.060412638814455,1.1117583916417573e-06,season
103,103,2.782559402207126e-06,2,1,0.0023299518105153,2.782559402207126e-06,87.75079330800395,35.453707932400654,1.1242297035895693e-06,season
104,104,2.782559402207126e-06,2,1,0.0030888435964774,2.782559402207126e-06,87.75079330800395,35.90611870048676,1.1385755549367948e-06,season
105,105,2.782559402207126e-06,2,1,0.0040949150623804,2.782559402207126e-06,87.75079330800395,36.42695816939194,1.1550912661527125e-06,season
106,106,2.782559402207126e-06,2,1,0.0054286754393238,2.782559402207126e-06,87.75079330800395,37.0272536220272,1.1741265100845762e-06,season
107,107,2.782559402207126e-06,2,1,0.0071968567300115,2.782559402207126e-06,87.75079330800395,37.72095959379452,1.1961237821472132e-06,season
108,108,2.782559402207126e-06,2,1,0.0095409547634999,2.782559402207126e-06,87.75079330800395,38.52502465401277,1.2216205179481472e-06,season
109,109,2.782559402207126e-06,2,1,0.0126485521685529,2.782559402207126e-06,87.75079330800395,39.461937447770666,1.2513298277451375e-06,season
110,110,2.782559402207126e-06,2,1,0.01676832936811,2.782559402207126e-06,87.75079330800395,40.56251203788814,1.28622881906038e-06,season
111,111,2.782559402207126e-06,2,1,0.0222299648252619,2.782559402207126e-06,87.75079330800395,41.87271908824918,1.32777521208299e-06,season
112,112,2.782559402207126e-06,2,1,0.029470517025518,2.782559402207126e-06,87.75079330800395,43.47226501292993,1.3784964806230952e-06,season
113,113,2.782559402207126e-06,2,1,0.0390693993705461,2.782559402207126e-06,87.75079330800395,45.53264451300723,1.4438306859781592e-06,season
114,114,2.782559402207126e-06,2,1,0.0517947467923121,2.782559402207126e-06,87.75079330800395,48.81562774578594,1.547933401375759e-06,season
115,115,2.782559402207126e-06,2,1,0.06866488450043,2.782559402207126e-06,87.75079330800395,52.14497398332428,1.6535062780100291e-06,season
116,116,2.782559402207126e-06,2,1,0.0910298177991521,2.782559402207126e-06,87.75079330800395,52.60345629602604,1.6680446567740373e-06,season
117,117,2.782559402207126e-06,2,1,0.1206792640639329,2.782559402207126e-06,87.75079330800395,52.67500424593501,1.6703134273825154e-06,season
118,118,2.782559402207126e-06,2,1,0.1599858719606057,2.782559402207126e-06,87.75079330800395,52.74350251073916,1.672485493110704e-06,season
119,119,2.782559402207126e-06,2,1,0.212095088792019,2.782559402207126e-06,87.75079330800395,52.83889142960624,1.6755102558855352e-06,season
120,120,2.782559402207126e-06,2,1,0.281176869797423,2.782559402207126e-06,87.75079330800395,52.95674951564615,1.6792475112774654e-06,season
121,121,2.782559402207126e-06,2,1,0.3727593720314938,2.782559402207126e-06,87.75079330800395,53.10020714818637,1.683796522963799e-06,season
122,122,2.782559402207126e-06,2,1,0.4941713361323833,2.782559402207126e-06,87.75079330800395,53.277049928434266,1.6894041707392903e-06,season
123,123,2.782559402207126e-06,2,1,0.655128556859551,2.782559402207126e-06,87.75079330800395,53.52426363596399,1.6972432659805933e-06,season
124,124,2.782559402207126e-06,2,1,0.868511373751352,2.782559402207126e-06,87.75079330800395,53.83446057556269,1.7070795464092684e-06,season
125,125,2.782559402207126e-06,2,1,1.151395399326447,2.782559402207126e-06,87.75079330800395,54.237475349140816,1.7198590610458148e-06,season
126,126,2.782559402207126e-06,2,1,1.5264179671752334,2.782559402207126e-06,87.75079330800395,54.81067702087677,1.738035166821308e-06,season
127,127,2.782559402207126e-06,2,1,2.023589647725158,2.782559402207126e-06,87.75079330800395,55.6789329439446,1.7655673815304603e-06,season
128,128,2.782559402207126e-06,2,1,2.682695795279725,2.782559402207126e-06,87.75079330800395,56.87599834645247,1.8035260764349465e-06,season
129,129,2.782559402207126e-06,2,1,3.5564803062231287,2.782559402207126e-06,87.75079330800395,58.27761525573542,1.847971057069236e-06,season
130,130,2.782559402207126e-06,2,1,4.714866363457395,2.782559402207126e-06,87.75079330800395,59.89651944617735,1.8993061721897944e-06,season
131,131,2.782559402207126e-06,2,1,6.25055192527397,2.782559402207126e-06,87.75079330800395,61.84523483744413,1.9610995318824244e-06,season
132,132,2.782559402207126e-06,2,1,8.286427728546842,2.782559402207126e-06,87.75079330800395,64.16735300513069,2.034733415941485e-06,season
133,133,2.782559402207126e-06,2,1,10.985411419875572,2.782559402207126e-06,87.75079330800395,67.01860266874031,2.125145949668325e-06,season
134,134,2.782559402207126e-06,2,1,14.563484775012444,2.782559402207126e-06,87.75079330800395,70.62130754195044,2.239386971776713e-06,season
135,135,2.782559402207126e-06,2,1,19.306977288832496,2.782559402207126e-06,87.75079330800395,75.49887817855367,2.39405372204952e-06,season
136,136,2.782559402207126e-06,2,1,25.595479226995334,2.782559402207126e-06,87.75079330800395,83.76592894393524,2.6562001821389914e-06,season
137,137,2.782559402207126e-06,2,1,33.9322177189533,2.782559402207126e-06,87.75079330800395,87.69085141336124,2.780658657196894e-06,season
138,138,2.782559402207126e-06,2,1,44.98432668969444,2.782559402207126e-06,87.75079330800395,87.69085141336124,2.780658657196894e-06,season
139,139,2.782559402207126e-06,2,1,59.636233165946365,2.782559402207126e-06,87.75079330800395,87.69085141336124,2.780658657196894e-06,season
140,140,2.782559402207126e-06,2,1,79.06043210907701,2.782559402207126e-06,87.75079330800395,87.69085141336124,2.780658657196894e-06,season
141,141,2.782559402207126e-06,2,1,104.81131341546852,2.782559402207126e-06,87.75079330800395,87.69085141336124,2.780658657196894e-06,season
142,142,2.782559402207126e-06,2,1,138.9495494373136,2.782559402207126e-06,87.75079330800395,87.69085141336124,2.780658657196894e-06,season
143,143,2.782559402207126e-06,2,1,184.20699693267164,2.782559402207126e-06,87.75079330800395,87.69085141336124,2.780658657196894e-06,season
144,144,2.782559402207126e-06,2,1,244.205309454865,2.782559402207126e-06,87.75079330800395,87.69085141336124,2.780658657196894e-06,season
145,145,2.782559402207126e-06,2,1,323.745754281764,2.782559402207126e-06,87.75079330800395,87.69085141336124,2.780658657196894e-06,season
146,146,2.782559402207126e-06,2,1,429.1934260128778,2.782559402207126e-06,87.75079330800395,87.69085141336124,2.780658657196894e-06,season
147,147,2.782559402207126e-06,2,1,568.9866029018293,2.782559402207126e-06,87.75079330800395,87.69085141336124,2.780658657196894e-06,season
148,148,2.782559402207126e-06,2,1,754.3120063354608,2.782559402207126e-06,87.75079330800395,87.69085141336124,2.780658657196894e-06,season
149,149,2.782559402207126e-06,2,1,1000.0,2.782559402207126e-06,87.75079330800395,87.69085141336124,2.780658657196894e-06,season
150,150,4.641588833612782e-06,3,1,0.001,4.641588833612782e-06,146.3771454568118,56.67402245467501,1.7971214629209478e-06,season
151,151,4.641588833612782e-06,3,1,0.0013257113655901,4.641588833612782e-06,146.3771454568118,57.06040223395138,1.8093734853485344e-06,season
152,152,4.641588833612782e-06,3,1,0.0017575106248547,4.641588833612782e-06,146.3771454568118,57.503757516160405,1.823432189122286e-06,season
153,153,4.641588833612782e-06,3,1,0.0023299518105153,4.641588833612782e-06,146.3771454568118,58.01392846962927,1.8396096039329423e-06,season
154,154,4.641588833612782e-06,3,1,0.0030888435964774,4.641588833612782e-06,146.3771454568118,58.59920033042602,1.8581684528927585e-06,season
155,155,4.641588833612782e-06,3,1,0.0040949150623804,4.641588833612782e-06,146.3771454568118,59.27235603419829,1.8795140802320612e-06,season
156,156,4.641588833612782e-06,3,1,0.0054286754393238,4.641588833612782e-06,146.3771454568118,60.04711147594957,1.904081414128284e-06,season
157,157,4.641588833612782e-06,3,1,0.0071968567300115,4.641588833612782e-06,146.3771454568118,60.93839864695759,1.9323439449187464e-06,season
158,158,4.641588833612782e-06,3,1,0.0095409547634999,4.641588833612782e-06,146.3771454568118,61.9670536394963,1.96496238075521e-06,season
159,159,4.641588833612782e-06,3,1,0.0126485521685529,4.641588833612782e-06,146.3771454568118,63.15582488043934,2.0026580695217957e-06,season
160,160,4.641588833612782e-06,3,1,0.01676832936811,4.641588833612782e-06,146.3771454568118,64.53509156870278,2.046394329296765e-06,season
161,161,4.641588833612782e-06,3,1,0.0222299648252619,4.641588833612782e-06,146.3771454568118,66.14408905469716,2.097415304880047e-06,season
162,162,4.641588833612782e-06,3,1,0.029470517025518,4.641588833612782e-06,146.3771454568118,68.03759272824789,2.1574579124888345e-06,season
163,163,4.641588833612782e-06,3,1,0.0390693993705461,4.641588833612782e-06,146.3771454568118,70.30019554584749,2.229204577176797e-06,season
164,164,4.641588833612782e-06,3,1,0.0517947467923121,4.641588833612782e-06,146.3771454568118,73.08133810158313,2.31739402909637e-06,season
165,165,4.641588833612782e-06,3,1,0.06866488450043,4.641588833612782e-06,146.3771454568118,76.72338398782198,2.4328825465443297e-06,season
166,166,4.641588833612782e-06,3,1,0.0910298177991521,4.641588833612782e-06,146.3771454568118,83.22371099462231,2.639006563756415e-06,season
167,167,4.641588833612782e-06,3,1,0.1206792640639329,4.641588833612782e-06,146.3771454568118,87.41463868520258,2.7719000090437145e-06,season
168,168,4.641588833612782e-06,3,1,0.1599858719606057,4.641588833612782e-06,146.3771454568118,87.76057630097188,2.7828696188791183e-06,season
169,169,4.641588833612782e-06,3,1,0.212095088792019,4.641588833612782e-06,146.3771454568118,87.88053816437662,2.786673584613668e-06,season
170,170,4.641588833612782e-06,3,1,0.281176869797423,4.641588833612782e-06,146.3771454568118,88.02471055513752,2.7912452611344976e-06,season
171,171,4.641588833612782e-06,3,1,0.3727593720314938,4.641588833612782e-06,146.3771454568118,88.16955597627927,2.7958382793087037e-06,season
172,172,4.641588833612782e-06,3,1,0.4941713361323833,4.641588833612782e-06,146.3771454568118,88.36782608489591,2.8021253832095357e-06,season
173,173,4.641588833612782e-06,3,1,0.655128556859551,4.641588833612782e-06,146.3771454568118,88.61678698516447,2.810019881569142e-06,season
174,174,4.641588833612782e-06,3,1,0.868511373751352,4.641588833612782e-06,146.3771454568118,88.96046878876055,2.820917960069779e-06,season
175,175,4.641588833612782e-06,3,1,1.151395399326447,4.641588833612782e-06,146.3771454568118,89.34459275586391,2.833098451162605e-06,season
176,176,4.641588833612782e-06,3,1,1.5264179671752334,4.641588833612782e-06,146.3771454568118,89.88364831664444,2.850191790862647e-06,season
177,177,4.641588833612782e-06,3,1,2.023589647725158,4.641588833612782e-06,146.3771454568118,90.60175780827046,2.8729628934636754e-06,season
178,178,4.641588833612782e-06,3,1,2.682695795279725,4.641588833612782e-06,146.3771454568118,91.5897571242158,2.9042921462524035e-06,season
179,179,4.641588833612782e-06,3,1,3.5564803062231287,4.641588833612782e-06,146.3771454568118,93.24603847565828,2.9568124833732327e-06,season
180,180,4.641588833612782e-06,3,1,4.714866363457395,4.641588833612782e-06,146.3771454568118,95.2774019791562,3.021226597512564e-06,season
181,181,4.641588833612782e-06,3,1,6.25055192527397,4.641588833612782e-06,146.3771454568118,97.67462479769723,3.0972420344272337e-06,season
182,182,4.641588833612782e-06,3,1,8.286427728546842,4.641588833612782e-06,146.3771454568118,100.48815636031388,3.186458535017564e-06,season
183,183,4.641588833612782e-06,3,1,10.985411419875572,4.641588833612782e-06,146.3771454568118,103.81331169370442,3.291898518953083e-06,season
184,184,4.641588833612782e-06,3,1,14.563484775012444,4.641588833612782e-06,146.3771454568118,107.84455016205304,3.419728252221368e-06,season
185,185,4.641588833612782e-06,3,1,19.306977288832496,4.641588833612782e-06,146.3771454568118,112.7966334391023,3.5767577828228783e-06,season
186,186,4.641588833612782e-06,3,1,25.595479226995334,4.641588833612782e-06,146.3771454568118,119.10853978879108,3.776907020192513e-06,season
187,187,4.641588833612782e-06,3,1,33.9322177189533,4.641588833612782e-06,146.3771454568118,127.83868607125952,4.053738142797423e-06,season
188,188,4.641588833612782e-06,3,1,44.98432668969444,4.641588833612782e-06,146.3771454568118,143.56961546856868,4.552562641697383e-06,season
189,189,4.641588833612782e-06,3,1,59.636233165946365,4.641588833612782e-06,146.3771454568118,146.27715635016992,4.638418199840497e-06,season
190,190,4.641588833612782e-06,3,1,79.06043210907701,4.641588833612782e-06,146.3771454568118,146.27715635016992,4.638418199840497e-06,season
191,191,4.641588833612782e-06,3,1,104.81131341546852,4.641588833612782e-06,146.3771454568118,146.27715635016992,4.638418199840497e-06,season
192,192,4.641588833612782e-06,3,1,138.9495494373136,4.641588833612782e-06,146.3771454568118,146.27715635016992,4.638418199840497e-06,season
193,193,4.641588833612782e-06,3,1,184.20699693267164,4.641588833612782e-06,146.3771454568118,146.27715635016992,4.638418199840497e-06,season
194,194,4.641588833612782e-06,3,1,244.205309454865,4.641588833612782e-06,146.3771454568118,146.27715635016992,4.638418199840497e-06,season
195,195,4.641588833612782e-06,3,1,323.745754281764,4.641588833612782e-06,146.3771454568118,146.27715635016992,4.638418199840497e-06,season
196,196,4.641588833612782e-06,3,1,429.1934260128778,4.641588833612782e-06,146.3771454568118,146.27715635016992,4.638418199840497e-06,season
197,197,4.641588833612782e-06,3,1,568.9866029018293,4.641588833612782e-06,146.3771454568118,146.27715635016992,4.638418199840497e-06,season
198,198,4.641588833612782e-06,3,1,754.3120063354608,4.641588833612782e-06,146.3771454568118,146.27715635016992,4.638418199840497e-06,season
199,199,4.641588833612782e-06,3,1,1000.0,4.641588833612782e-06,146.3771454568118,146.27715635016992,4.638418199840497e-06,season
200,200,7.742636826811277e-06,4,1,0.001,7.742636826811277e-06,244.17179497032075,93.57455874421204,2.9672297927515234e-06,season
201,201,7.742636826811277e-06,4,1,0.0013257113655901,7.742636826811277e-06,244.17179497032075,94.07639000750494,2.983142757721491e-06,season
202,202,7.742636826811277e-06,4,1,0.0017575106248547,7.742636826811277e-06,244.17179497032075,94.65047555766564,3.001346891097972e-06,season
203,203,7.742636826811277e-06,4,1,0.0023299518105153,7.742636826811277e-06,244.17179497032075,95.31220775670592,3.022330281478498e-06,season
204,204,7.742636826811277e-06,4,1,0.0030888435964774,7.742636826811277e-06,244.17179497032075,96.07061451916586,3.046379202155183e-06,season
205,205,7.742636826811277e-06,4,1,0.0040949150623804,7.742636826811277e-06,244.17179497032075,96.9433800275577,3.074054414876893e-06,season
206,206,7.742636826811277e-06,4,1,0.0054286754393238,7.742636826811277e-06,244.17179497032075,97.94626054782414,3.105855547559112e-06,season
207,207,7.742636826811277e-06,4,1,0.0071968567300115,7.742636826811277e-06,244.17179497032075,99.09860492939524,3.1423961481923914e-06,season
208,208,7.742636826811277e-06,4,1,0.0095409547634999,7.742636826811277e-06,244.17179497032075,100.42381916339868,3.1844184158865643e-06,season
209,209,7.742636826811277e-06,4,1,0.0126485521685529,7.742636826811277e-06,244.17179497032075,101.950845226293,3.23284009469473e-06,season
210,210,7.742636826811277e-06,4,1,0.01676832936811,7.742636826811277e-06,244.17179497032075,103.71265900832348,3.288706843237045e-06,season
211,211,7.742636826811277e-06,4,1,0.0222299648252619,7.742636826811277e-06,244.17179497032075,105.75056747696124,3.353328496859501e-06,season
212,212,7.742636826811277e-06,4,1,0.029470517025518,7.742636826811277e-06,244.17179497032075,108.11664760750344,3.428356405615913e-06,season
213,213,7.742636826811277e-06,4,1,0.0390693993705461,7.742636826811277e-06,244.17179497032075,110.88055216084396,3.515999244065321e-06,season
214,214,7.742636826811277e-06,4,1,0.0517947467923121,7.742636826811277e-06,244.17179497032075,114.14061262468348,3.6193750832281673e-06,season
215,215,7.742636826811277e-06,4,1,0.06866488450043,7.742636826811277e-06,244.17179497032075,118.05125589053262,3.743380767710953e-06,season
216,216,7.742636826811277e-06,4,1,0.0910298177991521,7.742636826811277e-06,244.17179497032075,122.89587020888956,3.897002479987619e-06,season
217,217,7.742636826811277e-06,4,1,0.1206792640639329,7.742636826811277e-06,244.17179497032075,129.37667402676203,4.102507420939943e-06,season
218,218,7.742636826811277e-06,4,1,0.1599858719606057,7.742636826811277e-06,244.17179497032075,140.79339333645345,4.464529215387286e-06,season
219,219,7.742636826811277e-06,4,1,0.212095088792019,7.742636826811277e-06,244.17179497032075,146.22064881866496,4.636626357770959e-06,season
220,220,7.742636826811277e-06,4,1,0.281176869797423,7.742636826811277e-06,244.17179497032075,146.4262777675114,4.64314680896472e-06,season
221,221,7.742636826811277e-06,4,1,0.3727593720314938,7.742636826811277e-06,244.17179497032075,146.62243747151868,4.649366992374387e-06,season
222,222,7.742636826811277e-06,4,1,0.4941713361323833,7.742636826811277e-06,244.17179497032075,146.86254438215497,4.656980732564528e-06,season
223,223,7.742636826811277e-06,4,1,0.655128556859551,7.742636826811277e-06,244.17179497032075,147.15686523585254,4.666313585611762e-06,season
224,224,7.742636826811277e-06,4,1,0.868511373751352,7.742636826811277e-06,244.17179497032075,147.51208967082982,4.677577678552442e-06,season
225,225,7.742636826811277e-06,4,1,1.151395399326447,7.742636826811277e-06,244.17179497032075,147.94282030014213,4.691236057208971e-06,season
226,226,7.742636826811277e-06,4,1,1.5264179671752334,7.742636826811277e-06,244.17179497032075,148.4741277818348,4.708083706932864e-06,season
227,227,7.742636826811277e-06,4,1,2.023589647725158,7.742636826811277e-06,244.17179497032075,149.2225852559722,4.731817137746455e-06,season
228,228,7.742636826811277e-06,4,1,2.682695795279725,7.742636826811277e-06,244.17179497032075,150.1710814951671,4.761893756188708e-06,season
229,229,7.742636826811277e-06,4,1,3.5564803062231287,7.742636826811277e-06,244.17179497032075,151.399172092815,4.80083625357734e-06,season
230,230,7.742636826811277e-06,4,1,4.714866363457395,7.742636826811277e-06,244.17179497032075,153.20090691032453,4.857968889850474e-06,season
231,231,7.742636826811277e-06,4,1,6.25055192527397,7.742636826811277e-06,244.17179497032075,156.15065797541908,4.951504882528509e-06,season
232,232,7.742636826811277e-06,4,1,8.286427728546842,7.742636826811277e-06,244.17179497032075,159.61654869666253,5.0614075563376e-06,season
233,233,7.742636826811277e-06,4,1,10.985411419875572,7.742636826811277e-06,244.17179497032075,163.70144000429912,5.190938609979043e-06,season
234,234,7.742636826811277e-06,4,1,14.563484775012444,7.742636826811277e-06,244.17179497032075,168.53629085761747,5.344250724810296e-06,season
235,235,7.742636826811277e-06,4,1,19.306977288832496,7.742636826811277e-06,244.17179497032075,174.34360915374654,5.528399579964058e-06,season
236,236,7.742636826811277e-06,4,1,25.595479226995334,7.742636826811277e-06,244.17179497032075,181.29436005645917,5.748806445220038e-06,season
237,237,7.742636826811277e-06,4,1,33.9322177189533,7.742636826811277e-06,244.17179497032075,189.90102869732195,6.021722117494988e-06,season
238,238,7.742636826811277e-06,4,1,44.98432668969444,7.742636826811277e-06,244.17179497032075,200.9937496263584,6.373469990688685e-06,season
239,239,7.742636826811277e-06,4,1,59.636233165946365,7.742636826811277e-06,244.17179497032075,216.7265244087874,6.872353006366927e-06,season
240,240,7.742636826811277e-06,4,1,79.06043210907701,7.742636826811277e-06,244.17179497032075,244.0050030878056,7.737347890912152e-06,season
241,241,7.742636826811277e-06,4,1,104.81131341546852,7.742636826811277e-06,244.17179497032075,244.0050030878056,7.737347890912152e-06,season
242,242,7.742636826811277e-06,4,1,138.9495494373136,7.742636826811277e-06,244.17179497032075,244.0050030878056,7.737347890912152e-06,season
243,243,7.742636826811277e-06,4,1,184.20699693267164,7.742636826811277e-06,244.17179497032075,244.0050030878056,7.737347890912152e-06,season
244,244,7.742636826811277e-06,4,1,244.205309454865,7.742636826811277e-06,244.17179497032075,244.0050030878056,7.737347890912152e-06,season
245,245,7.742636826811277e-06,4,1,323.745754281764,7.742636826811277e-06,244.17179497032075,244.0050030878056,7.737347890912152e-06,season
246,246,7.742636826811277e-06,4,1,429.1934260128778,7.742636826811277e-06,244.17179497032075,244.0050030878056,7.737347890912152e-06,season
247,247,7.742636826811277e-06,4,1,568.9866029018293,7.742636826811277e-06,244.17179497032075,244.0050030878056,7.737347890912152e-06,season
248,248,7.742636826811277e-06,4,1,754.3120063354608,7.742636826811277e-06,244.17179497032075,244.0050030878056,7.737347890912152e-06,season
249,249,7.742636826811277e-06,4,1,1000.0,7.742636826811277e-06,244.17179497032075,244.0050030878056,7.737347890912152e-06,season
250,250,1.2915496650148829e-05,5,1,0.001,1.2915496650148829e-05,407.3031023590943,154.8424428030103,4.910021651541423e-06,season
251,251,1.2915496650148829e-05,5,1,0.0013257113655901,1.2915496650148829e-05,407.3031023590943,155.49127860822406,4.930596099956369e-06,season
252,252,1.2915496650148829e-05,5,1,0.0017575106248547,1.2915496650148829e-05,407.3031023590943,156.23816886400542,4.954279834601897e-06,season
253,253,1.2915496650148829e-05,5,1,0.0023299518105153,1.2915496650148829e-05,407.3031023590943,157.09624863044814,4.981489365501273e-06,season
254,254,1.2915496650148829e-05,5,1,0.0030888435964774,1.2915496650148829e-05,407.3031023590943,158.07922124949783,5.012659222777075e-06,season
255,255,1.2915496650148829e-05,5,1,0.0040949150623804,1.2915496650148829e-05,407.3031023590943,159.2126723200183,5.048600720447054e-06,season
256,256,1.2915496650148829e-05,5,1,0.0054286754393238,1.2915496650148829e-05,407.3031023590943,160.5098014795861,5.089732416273024e-06,season
257,257,1.2915496650148829e-05,5,1,0.0071968567300115,1.2915496650148829e-05,407.3031023590943,162.00312994876663,5.137085551394173e-06,season
258,258,1.2915496650148829e-05,5,1,0.0095409547634999,1.2915496650148829e-05,407.3031023590943,163.71925073516198,5.191503384549784e-06,season
259,259,1.2915496650148829e-05,5,1,0.0126485521685529,1.2915496650148829e-05,407.3031023590943,165.6919249470158,5.254056473459405e-06,season
260,260,1.2915496650148829e-05,5,1,0.01676832936811,1.2915496650148829e-05,407.3031023590943,167.96164266632692,5.3260287502006255e-06,season
261,261,1.2915496650148829e-05,5,1,0.0222299648252619,1.2915496650148829e-05,407.3031023590943,170.57836103413712,5.409004345323983e-06,season
262,262,1.2915496650148829e-05,5,1,0.029470517025518,1.2915496650148829e-05,407.3031023590943,173.5962734743911,5.504701721029652e-06,season
263,263,1.2915496650148829e-05,5,1,0.0390693993705461,1.2915496650148829e-05,407.3031023590943,177.08973450130358,5.615478643496435e-06,season
264,264,1.2915496650148829e-05,5,1,0.0517947467923121,1.2915496650148829e-05,407.3031023590943,181.14955297182183,5.744214642688415e-06,season
265,265,1.2915496650148829e-05,5,1,0.06866488450043,1.2915496650148829e-05,407.3031023590943,185.898697329552,5.894809022372908e-06,season
266,266,1.2915496650148829e-05,5,1,0.0910298177991521,1.2915496650148829e-05,407.3031023590943,191.5143811040305,6.072881186708223e-06,season
267,267,1.2915496650148829e-05,5,1,0.1206792640639329,1.2915496650148829e-05,407.3031023590943,198.27989279878216,6.287414155212524e-06,season
268,268,1.2915496650148829e-05,5,1,0.1599858719606057,1.2915496650148829e-05,407.3031023590943,206.7397755835701,6.55567527852518e-06,season
269,269,1.2915496650148829e-05,5,1,0.212095088792019,1.2915496650148829e-05,407.3031023590943,218.3819075879888,6.924844862632826e-06,season
270,270,1.2915496650148829e-05,5,1,0.281176869797423,1.2915496650148829e-05,407.3031023590943,237.48561906362215,7.530619579643017e-06,season
271,271,1.2915496650148829e-05,5,1,0.3727593720314938,1.2915496650148829e-05,407.3031023590943,243.98926906379248,7.736848968283628e-06,season
272,272,1.2915496650148829e-05,5,1,0.4941713361323833,1.2915496650148829e-05,407.3031023590943,244.33264045773345,7.74773720375867e-06,season
273,273,1.2915496650148829e-05,5,1,0.655128556859551,1.2915496650148829e-05,407.3031023590943,244.6963408434017,7.759270067332626e-06,season
274,274,1.2915496650148829e-05,5,1,0.868511373751352,1.2915496650148829e-05,407.3031023590943,245.0431865059415,7.770268471142234e-06,season
275,275,1.2915496650148829e-05,5,1,1.151395399326447,1.2915496650148829e-05,407.3031023590943,245.53743673174947,7.785941042990534e-06,season
276,276,1.2915496650148829e-05,5,1,1.5264179671752334,1.2915496650148829e-05,407.3031023590943,246.1454337365553,7.80522050153968e-06,season
277,277,1.2915496650148829e-05,5,1,2.023589647725158,1.2915496650148829e-05,407.3031023590943,246.8918332034642,7.828888673372153e-06,season
278,278,1.2915496650148829e-05,5,1,2.682695795279725,1.2915496650148829e-05,407.3031023590943,247.92245108965625,7.861569352158049e-06,season
279,279,1.2915496650148829e-05,5,1,3.5564803062231287,1.2915496650148829e-05,407.3031023590943,249.10753831578413,7.899148221581181e-06,season
280,280,1.2915496650148829e-05,5,1,4.714866363457395,1.2915496650148829e-05,407.3031023590943,250.757195956418,7.951458522210108e-06,season
281,281,1.2915496650148829e-05,5,1,6.25055192527397,1.2915496650148829e-05,407.3031023590943,253.09340265248383,8.025539150573435e-06,season
282,282,1.2915496650148829e-05,5,1,8.286427728546842,1.2915496650148829e-05,407.3031023590943,256.3385374253039,8.12844169917884e-06,season
283,283,1.2915496650148829e-05,5,1,10.985411419875572,1.2915496650148829e-05,407.3031023590943,261.44315499733494,8.290308060544613e-06,season
284,284,1.2915496650148829e-05,5,1,14.563484775012444,1.2915496650148829e-05,407.3031023590943,267.4199818891438,8.479831998006842e-06,season
285,285,1.2915496650148829e-05,5,1,19.306977288832496,1.2915496650148829e-05,407.3031023590943,274.41502779036034,8.701643448451305e-06,season
286,286,1.2915496650148829e-05,5,1,25.595479226995334,1.2915496650148829e-05,407.3031023590943,282.8827244506198,8.97015234812975e-06,season
287,287,1.2915496650148829e-05,5,1,33.9322177189533,1.2915496650148829e-05,407.3031023590943,292.82125078489435,9.285300950814762e-06,season
288,288,1.2915496650148829e-05,5,1,44.98432668969444,1.2915496650148829e-05,407.3031023590943,304.84925908272635,9.66670659191801e-06,season
289,289,1.2915496650148829e-05,5,1,59.636233165946365,1.2915496650148829e-05,407.3031023590943,319.82711515346534,1.0141651292283908e-05,season
290,290,1.2915496650148829e-05,5,1,79.06043210907701,1.2915496650148829e-05,407.3031023590943,339.3685715570571,1.076130680990161e-05,season
291,291,1.2915496650148829e-05,5,1,104.81131341546852,1.2915496650148829e-05,407.3031023590943,368.0293243424047,1.167013331882308e-05,season
292,292,1.2915496650148829e-05,5,1,138.9495494373136,1.2915496650148829e-05,407.3031023590943,407.0248767302461,1.2906674173333526e-05,season
293,293,1.2915496650148829e-05,5,1,184.20699693267164,1.2915496650148829e-05,407.3031023590943,407.0248767302461,1.2906674173333526e-05,season
294,294,1.2915496650148829e-05,5,1,244.205309454865,1.2915496650148829e-05,407.3031023590943,407.0248767302461,1.2906674173333526e-05,season
295,295,1.2915496650148829e-05,5,1,323.745754281764,1.2915496650148829e-05,407.3031023590943,407.0248767302461,1.2906674173333526e-05,season
296,296,1.2915496650148829e-05,5,1,429.1934260128778,1.2915496650148829e-05,407.3031023590943,407.0248767302461,1.2906674173333526e-05,season
297,297,1.2915496650148829e-05,5,1,568.9866029018293,1.2915496650148829e-05,407.3031023590943,407.0248767302461,1.2906674173333526e-05,season
298,298,1.2915496650148829e-05,5,1,754.3120063354608,1.2915496650148829e-05,407.3031023590943,407.0248767302461,1.2906674173333526e-05,season
299,299,1.2915496650148829e-05,5,1,1000.0,1.2915496650148829e-05,407.3031023590943,407.0248767302461,1.2906674173333526e-05,season
300,300,2.1544346900318823e-05,6,1,0.001,2.1544346900318823e-05,679.4225238484551,256.6769144592018,8.139171564535825e-06,season
301,301,2.1544346900318823e-05,6,1,0.0013257113655901,2.1544346900318823e-05,679.4225238484551,257.5175317865582,8.165827365124246e-06,season
302,302,2.1544346900318823e-05,6,1,0.0017575106248547,2.1544346900318823e-05,679.4225238484551,258.48194293120423,8.196408641907795e-06,season
303,303,2.1544346900318823e-05,6,1,0.0023299518105153,2.1544346900318823e-05,679.4225238484551,259.5926617356502,8.231629304149233e-06,season
304,304,2.1544346900318823e-05,6,1,0.0030888435964774,2.1544346900318823e-05,679.4225238484551,260.87177115546945,8.272189597776174e-06,season
305,305,2.1544346900318823e-05,6,1,0.0040949150623804,2.1544346900318823e-05,679.4225238484551,262.3386826472181,8.318705056038118e-06,season
306,306,2.1544346900318823e-05,6,1,0.0054286754393238,2.1544346900318823e-05,679.4225238484551,264.02228718009053,8.372091805558426e-06,season
307,307,2.1544346900318823e-05,6,1,0.0071968567300115,2.1544346900318823e-05,679.4225238484551,265.9603304498559,8.433546754498222e-06,season
308,308,2.1544346900318823e-05,6,1,0.0095409547634999,2.1544346900318823e-05,679.4225238484551,268.18271601001106,8.504018138318464e-06,season
309,309,2.1544346900318823e-05,6,1,0.0126485521685529,2.1544346900318823e-05,679.4225238484551,270.73727231067585,8.585022587223358e-06,season
310,310,2.1544346900318823e-05,6,1,0.01676832936811,2.1544346900318823e-05,679.4225238484551,273.67452084533085,8.678162127261886e-06,season
311,311,2.1544346900318823e-05,6,1,0.0222299648252619,2.1544346900318823e-05,679.4225238484551,277.0515541332623,8.785247150344442e-06,season
312,312,2.1544346900318823e-05,6,1,0.029470517025518,2.1544346900318823e-05,679.4225238484551,280.93910226534337,8.908520492939605e-06,season
313,313,2.1544346900318823e-05,6,1,0.0390693993705461,2.1544346900318823e-05,679.4225238484551,285.4183227963482,9.050555644227176e-06,season
314,314,2.1544346900318823e-05,6,1,0.0517947467923121,2.1544346900318823e-05,679.4225238484551,290.5908404106051,9.21457510180762e-06,season
315,315,2.1544346900318823e-05,6,1,0.06866488450043,2.1544346900318823e-05,679.4225238484551,296.58003958281245,9.40449136170765e-06,season
316,316,2.1544346900318823e-05,6,1,0.0910298177991521,2.1544346900318823e-05,679.4225238484551,303.54793380166046,9.625441837952197e-06,season
317,317,2.1544346900318823e-05,6,1,0.1206792640639329,2.1544346900318823e-05,679.4225238484551,311.7130904664533,9.884357257307629e-06,season
318,318,2.1544346900318823e-05,6,1,0.1599858719606057,2.1544346900318823e-05,679.4225238484551,321.3921252992378,1.0191277438458837e-05,season
319,319,2.1544346900318823e-05,6,1,0.212095088792019,2.1544346900318823e-05,679.4225238484551,333.11104352958495,1.0562881897817888e-05,season
320,320,2.1544346900318823e-05,6,1,0.281176869797423,2.1544346900318823e-05,679.4225238484551,347.9270908929346,1.103269567773131e-05,season
321,321,2.1544346900318823e-05,6,1,0.3727593720314938,2.1544346900318823e-05,679.4225238484551,369.142455616086,1.170543047996214e-05,season
322,322,2.1544346900318823e-05,6,1,0.4941713361323833,2.1544346900318823e-05,679.4225238484551,399.7795294926448,1.2676925719579045e-05,season
323,323,2.1544346900318823e-05,6,1,0.655128556859551,2.1544346900318823e-05,679.4225238484551,407.1152503461223,1.290953990189378e-05,season
324,324,2.1544346900318823e-05,6,1,0.868511373751352,2.1544346900318823e-05,679.4225238484551,407.6376361254143,1.2926104646290409e-05,season
325,325,2.1544346900318823e-05,6,1,1.151395399326447,2.1544346900318823e-05,679.4225238484551,408.24531597408463,1.294537404788447e-05,season
326,326,2.1544346900318823e-05,6,1,1.5264179671752334,2.1544346900318823e-05,679.4225238484551,408.98323139976753,1.2968773192534483e-05,season
327,327,2.1544346900318823e-05,6,1,2.023589647725158,2.1544346900318823e-05,679.4225238484551,409.7368311099938,1.2992669682584784e-05,season
328,328,2.1544346900318823e-05,6,1,2.682695795279725,2.1544346900318823e-05,679.4225238484551,410.777681597442,1.3025674835027968e-05,season
329,329,2.1544346900318823e-05,6,1,3.5564803062231287,2.1544346900318823e-05,679.4225238484551,412.2242767700639,1.3071546067036526e-05,season
330,330,2.1544346900318823e-05,6,1,4.714866363457395,2.1544346900318823e-05,679.4225238484551,413.8293090697909,1.3122441307388093e-05,season
331,331,2.1544346900318823e-05,6,1,6.25055192527397,2.1544346900318823e-05,679.4225238484551,416.0964206941115,1.3194330945399272e-05,season
332,332,2.1544346900318823e-05,6,1,8.286427728546842,2.1544346900318823e-05,679.4225238484551,418.98911551937664,1.3286057696580945e-05,season
333,333,2.1544346900318823e-05,6,1,10.985411419875572,2.1544346900318823e-05,679.4225238484551,423.0765951906928,1.3415670826696246e-05,season
334,334,2.1544346900318823e-05,6,1,14.563484775012444,2.1544346900318823e-05,679.4225238484551,429.05437585904303,1.36052250082142e-05,season
335,335,2.1544346900318823e-05,6,1,19.306977288832496,2.1544346900318823e-05,679.4225238484551,437.5810897535169,1.3875605332113042e-05,season
336,336,2.1544346900318823e-05,6,1,25.595479226995334,2.1544346900318823e-05,679.4225238484551,448.0644827778247,1.420803154419789e-05,season
337,337,2.1544346900318823e-05,6,1,33.9322177189533,2.1544346900318823e-05,679.4225238484551,460.37050600555256,1.4598252980896516e-05,season
338,338,2.1544346900318823e-05,6,1,44.98432668969444,2.1544346900318823e-05,679.4225238484551,474.59539803430425,1.5049321348119744e-05,season
339,339,2.1544346900318823e-05,6,1,59.636233165946365,2.1544346900318823e-05,679.4225238484551,491.8553283882916,1.5596630149298947e-05,season
340,340,2.1544346900318823e-05,6,1,79.06043210907701,2.1544346900318823e-05,679.4225238484551,512.7326407642299,1.6258645381920024e-05,season
341,341,2.1544346900318823e-05,6,1,104.81131341546852,2.1544346900318823e-05,679.4225238484551,538.8451432595514,1.70866674042222e-05,season
342,342,2.1544346900318823e-05,6,1,138.9495494373136,2.1544346900318823e-05,679.4225238484551,573.3953599522978,1.8182247588543183e-05,season
343,343,2.1544346900318823e-05,6,1,184.20699693267164,2.1544346900318823e-05,679.4225238484551,626.5000637155715,1.9866186698236036e-05,season
344,344,2.1544346900318823e-05,6,1,244.205309454865,2.1544346900318823e-05,679.4225238484551,678.9584155274874,2.1529630122003028e-05,season
345,345,2.1544346900318823e-05,6,1,323.745754281764,2.1544346900318823e-05,679.4225238484551,678.9584155274874,2.1529630122003028e-05,season
346,346,2.1544346900318823e-05,6,1,429.1934260128778,2.1544346900318823e-05,679.4225238484551,678.9584155274874,2.1529630122003028e-05,season
347,347,2.1544346900318823e-05,6,1,568.9866029018293,2.1544346900318823e-05,679.4225238484551,678.9584155274874,2.1529630122003028e-05,season
348,348,2.1544346900318823e-05,6,1,754.3120063354608,2.1544346900318823e-05,679.4225238484551,678.9584155274874,2.1529630122003028e-05,season
349,349,2.1544346900318823e-05,6,1,1000.0,2.1544346900318823e-05,679.4225238484551,678.9584155274874,2.1529630122003028e-05,season
350,350,3.5938136638046256e-05,7,1,0.001,3.5938136638046256e-05,1133.345077017431,426.0572115943531,1.351018555283971e-05,season
351,351,3.5938136638046256e-05,7,1,0.0013257113655901,3.5938136638046256e-05,1133.345077017431,427.1507731541124,1.3544862162421118e-05,season
352,352,3.5938136638046256e-05,7,1,0.0017575106248547,3.5938136638046256e-05,1133.345077017431,428.40982983308976,1.358478658780726e-05,season
353,353,3.5938136638046256e-05,7,1,0.0023299518105153,3.5938136638046256e-05,1133.345077017431,429.8461693401025,1.3630332614792698e-05,season
354,354,3.5938136638046256e-05,7,1,0.0030888435964774,3.5938136638046256e-05,1133.345077017431,431.4973829660745,1.3682692255393027e-05,season
355,355,3.5938136638046256e-05,7,1,0.0040949150623804,3.5938136638046256e-05,1133.345077017431,433.39908540441286,1.3742994844127754e-05,season
356,356,3.5938136638046256e-05,7,1,0.0054286754393238,3.5938136638046256e-05,1133.345077017431,435.5896945231858,1.3812458603601784e-05,season
357,357,3.5938136638046256e-05,7,1,0.0071968567300115,3.5938136638046256e-05,1133.345077017431,438.0977092647448,1.3891987229348832e-05,season
358,358,3.5938136638046256e-05,7,1,0.0095409547634999,3.5938136638046256e-05,1133.345077017431,440.9805587714389,1.39834017875266e-05,season
359,359,3.5938136638046256e-05,7,1,0.0126485521685529,3.5938136638046256e-05,1133.345077017431,444.2956721856154,1.4088523344292729e-05,season
360,360,3.5938136638046256e-05,7,1,0.01676832936811,3.5938136638046256e-05,1133.345077017431,448.10249118527406,1.4209236782891744e-05,season
361,361,3.5938136638046256e-05,7,1,0.0222299648252619,3.5938136638046256e-05,1133.345077017431,452.4737904971066,1.4347849774768729e-05,season
362,362,3.5938136638046256e-05,7,1,0.029470517025518,3.5938136638046256e-05,1133.345077017431,457.5008170500361,1.4507255741058984e-05,season
363,363,3.5938136638046256e-05,7,1,0.0390693993705461,3.5938136638046256e-05,1133.345077017431,463.2829397918685,1.469060565042708e-05,season
364,364,3.5938136638046256e-05,7,1,0.0517947467923121,3.5938136638046256e-05,1133.345077017431,469.9421327583521,1.4901767274174026e-05,season
365,365,3.5938136638046256e-05,7,1,0.06866488450043,3.5938136638046256e-05,1133.345077017431,477.611582683868,1.5144963935942034e-05,season
366,366,3.5938136638046256e-05,7,1,0.0910298177991521,3.5938136638046256e-05,1133.345077017431,486.4744303127232,1.5426002990636833e-05,season
367,367,3.5938136638046256e-05,7,1,0.1206792640639329,3.5938136638046256e-05,1133.345077017431,496.747274794436,1.575175275223351e-05,season
368,368,3.5938136638046256e-05,7,1,0.1599858719606057,3.5938136638046256e-05,1133.345077017431,508.7090679455901,1.6131058724809427e-05,season
369,369,3.5938136638046256e-05,7,1,0.212095088792019,3.5938136638046256e-05,1133.345077017431,522.7466119308206,1.6576186324544032e-05,season
370,370,3.5938136638046256e-05,7,1,0.281176869797423,3.5938136638046256e-05,1133.345077017431,539.4439733467706,1.710565618172154e-05,season
371,371,3.5938136638046256e-05,7,1,0.3727593720314938,3.5938136638046256e-05,1133.345077017431,559.770403738567,1.7750203061217876e-05,season
372,372,3.5938136638046256e-05,7,1,0.4941713361323833,3.5938136638046256e-05,1133.345077017431,585.8120400617755,1.8575977931943667e-05,season
373,373,3.5938136638046256e-05,7,1,0.655128556859551,3.5938136638046256e-05,1133.345077017431,625.5525393705386,1.9836140898355487e-05,season
374,374,3.5938136638046256e-05,7,1,0.868511373751352,3.5938136638046256e-05,1133.345077017431,671.7967632666894,2.130253561855306e-05,season
375,375,3.5938136638046256e-05,7,1,1.151395399326447,3.5938136638046256e-05,1133.345077017431,679.269380017839,2.153949074130641e-05,season
376,376,3.5938136638046256e-05,7,1,1.5264179671752334,3.5938136638046256e-05,1133.345077017431,680.1571957453452,2.1567643193345547e-05,season
377,377,3.5938136638046256e-05,7,1,2.023589647725158,3.5938136638046256e-05,1133.345077017431,681.135108381403,2.159865259961324e-05,season
378,378,3.5938136638046256e-05,7,1,2.682695795279725,3.5938136638046256e-05,1133.345077017431,682.3727099928076,2.163789668926965e-05,season
379,379,3.5938136638046256e-05,7,1,3.5564803062231287,3.5938136638046256e-05,1133.345077017431,683.8838367621642,2.168581420478704e-05,season
380,380,3.5938136638046256e-05,7,1,4.714866363457395,3.5938136638046256e-05,1133.345077017431,685.7136629272269,2.174383761184763e-05,season
381,381,3.5938136638046256e-05,7,1,6.25055192527397,3.5938136638046256e-05,1133.345077017431,687.9538666745595,2.18148740066768e-05,season
382,382,3.5938136638046256e-05,7,1,8.286427728546842,3.5938136638046256e-05,1133.345077017431,690.921386431173,2.1908973440866723e-05,season
383,383,3.5938136638046256e-05,7,1,10.985411419875572,3.5938136638046256e-05,1133.345077017431,694.6975502002791,2.2028714808481703e-05,season
384,384,3.5938136638046256e-05,7,1,14.563484775012444,3.5938136638046256e-05,1133.345077017431,700.1342355727464,2.220111097072382e-05,season
385,385,3.5938136638046256e-05,7,1,19.306977288832496,3.5938136638046256e-05,1133.345077017431,706.8875864572217,2.2415258322463905e-05,season
386,386,3.5938136638046256e-05,7,1,25.595479226995334,3.5938136638046256e-05,1133.345077017431,718.1769411337415,2.2773241410887286e-05,season
387,387,3.5938136638046256e-05,7,1,33.9322177189533,3.5938136638046256e-05,1133.345077017431,732.8633481759726,2.323894432318533e-05,season
388,388,3.5938136638046256e-05,7,1,44.98432668969444,3.5938136638046256e-05,1133.345077017431,750.81099736556,2.3808060545584727e-05,season
389,389,3.5938136638046256e-05,7,1,59.636233165946365,3.5938136638046256e-05,1133.345077017431,771.9885147092186,2.447959521528471e-05,season
390,390,3.5938136638046256e-05,7,1,79.06043210907701,3.5938136638046256e-05,1133.345077017431,796.7517596359385,2.526483256075401e-05,season
391,391,3.5938136638046256e-05,7,1,104.81131341546852,3.5938136638046256e-05,1133.345077017431,826.3553684338902,2.6203556837705804e-05,season
392,392,3.5938136638046256e-05,7,1,138.9495494373136,3.5938136638046256e-05,1133.345077017431,862.5662395908838,2.735179602964497e-05,season
393,393,3.5938136638046256e-05,7,1,184.20699693267164,3.5938136638046256e-05,1133.345077017431,908.2201436546172,2.87994718307527e-05,season
394,394,3.5938136638046256e-05,7,1,244.205309454865,3.5938136638046256e-05,1133.345077017431,969.61779067861,3.074637844617612e-05,season
395,395,3.5938136638046256e-05,7,1,323.745754281764,3.5938136638046256e-05,1133.345077017431,1069.954121244834,3.392802261684532e-05,season
396,396,3.5938136638046256e-05,7,1,429.1934260128778,3.5938136638046256e-05,1133.345077017431,1132.5708976779993,3.5913587572234885e-05,season
397,397,3.5938136638046256e-05,7,1,568.9866029018293,3.5938136638046256e-05,1133.345077017431,1132.5708976779993,3.5913587572234885e-05,season
398,398,3.5938136638046256e-05,7,1,754.3120063354608,3.5938136638046256e-05,1133.345077017431,1132.5708976779993,3.5913587572234885e-05,season
399,399,3.5938136638046256e-05,7,1,1000.0,3.5938136638046256e-05,1133.345077017431,1132.5708976779993,3.5913587572234885e-05,season
400,400,5.994842503189409e-05,8,1,0.001,5.994842503189409e-05,1890.5335318058123,707.9836458672366,2.2450014138357328e-05,season
401,401,5.994842503189409e-05,8,1,0.0013257113655901,5.994842503189409e-05,1890.5335318058123,709.397829213738,2.2494857598101788e-05,season
402,402,5.994842503189409e-05,8,1,0.0017575106248547,5.994842503189409e-05,1890.5335318058123,711.025189159654,2.2546460843469496e-05,season
403,403,5.994842503189409e-05,8,1,0.0023299518105153,5.994842503189409e-05,1890.5335318058123,712.8973784734002,2.2605827577162613e-05,season
404,404,5.994842503189409e-05,8,1,0.0030888435964774,5.994842503189409e-05,1890.5335318058123,715.0512654363708,2.2674126884714958e-05,season
405,405,5.994842503189409e-05,8,1,0.0040949150623804,5.994842503189409e-05,1890.5335318058123,717.5073524099276,2.2752008891740475e-05,season
406,406,5.994842503189409e-05,8,1,0.0054286754393238,5.994842503189409e-05,1890.5335318058123,720.3351795671061,2.2841678702660645e-05,season
407,407,5.994842503189409e-05,8,1,0.0071968567300115,5.994842503189409e-05,1890.5335318058123,723.5921175506643,2.2944955528623296e-05,season
408,408,5.994842503189409e-05,8,1,0.0095409547634999,5.994842503189409e-05,1890.5335318058123,727.3420713816835,2.306386578455364e-05,season
409,409,5.994842503189409e-05,8,1,0.0126485521685529,5.994842503189409e-05,1890.5335318058123,731.6306618116153,2.3199856094990335e-05,season
410,410,5.994842503189409e-05,8,1,0.01676832936811,5.994842503189409e-05,1890.5335318058123,736.5691531173171,2.335645462700777e-05,season
411,411,5.994842503189409e-05,8,1,0.0222299648252619,5.994842503189409e-05,1890.5335318058123,742.2378162399075,2.3536206755451152e-05,season
412,412,5.994842503189409e-05,8,1,0.029470517025518,5.994842503189409e-05,1890.5335318058123,748.7590658633015,2.374299422448318e-05,season
413,413,5.994842503189409e-05,8,1,0.0390693993705461,5.994842503189409e-05,1890.5335318058123,756.2394902872061,2.3980196926915463e-05,season
414,414,5.994842503189409e-05,8,1,0.0517947467923121,5.994842503189409e-05,1890.5335318058123,764.8444272678588,2.4253057688605364e-05,season
415,415,5.994842503189409e-05,8,1,0.06866488450043,5.994842503189409e-05,1890.5335318058123,774.7457489398253,2.456702653918776e-05,season
416,416,5.994842503189409e-05,8,1,0.0910298177991521,5.994842503189409e-05,1890.5335318058123,786.1402659824863,2.492834430436601e-05,season
417,417,5.994842503189409e-05,8,1,0.1206792640639329,5.994842503189409e-05,1890.5335318058123,799.2873152825299,2.5345234502870683e-05,season
418,418,5.994842503189409e-05,8,1,0.1599858719606057,5.994842503189409e-05,1890.5335318058123,814.474769176958,2.582682550662601e-05,season
419,419,5.994842503189409e-05,8,1,0.212095088792019,5.994842503189409e-05,1890.5335318058123,832.0866572765276,2.6385294814704705e-05,season
420,420,5.994842503189409e-05,8,1,0.281176869797423,5.994842503189409e-05,1890.5335318058123,852.6263065578026,2.703660282083342e-05,season
421,421,5.994842503189409e-05,8,1,0.3727593720314938,5.994842503189409e-05,1890.5335318058123,876.7809657653527,2.7802542039743557e-05,season
422,422,5.994842503189409e-05,8,1,0.4941713361323833,5.994842503189409e-05,1890.5335318058123,905.601830532108,2.871644566628957e-05,season
423,423,5.994842503189409e-05,8,1,0.655128556859551,5.994842503189409e-05,1890.5335318058123,940.917807408944,2.9836307946757487e-05,season
424,424,5.994842503189409e-05,8,1,0.868511373751352,5.994842503189409e-05,1890.5335318058123,986.8472932471254,3.129272238860748e-05,season
425,425,5.994842503189409e-05,8,1,1.151395399326447,5.994842503189409e-05,1890.5335318058123,1067.3164238579895,3.3844381781392365e-05,season
426,426,5.994842503189409e-05,8,1,1.5264179671752334,5.994842503189409e-05,1890.5335318058123,1127.0227172011837,3.573765592342667e-05,season
427,427,5.994842503189409e-05,8,1,2.023589647725158,5.994842503189409e-05,1890.5335318058123,1133.4000306560763,3.593987920649659e-05,season
428,428,5.994842503189409e-05,8,1,2.682695795279725,5.994842503189409e-05,1890.5335318058123,1134.9477790935498,3.598895798749206e-05,season
429,429,5.994842503189409e-05,8,1,3.5564803062231287,5.994842503189409e-05,1890.5335318058123,1136.6115277334604,3.6041715110776905e-05,season
430,430,5.994842503189409e-05,8,1,4.714866363457395,5.994842503189409e-05,1890.5335318058123,1138.5796345272572,3.610412336781003e-05,season
431,431,5.994842503189409e-05,8,1,6.25055192527397,5.994842503189409e-05,1890.5335318058123,1141.139132533994,3.618528451718652e-05,season
432,432,5.994842503189409e-05,8,1,8.286427728546842,5.994842503189409e-05,1890.5335318058123,1144.2946977308231,3.6285346833169175e-05,season
433,433,5.994842503189409e-05,8,1,10.985411419875572,5.994842503189409e-05,1890.5335318058123,1148.317656689439,3.6412914024906106e-05,season
434,434,5.994842503189409e-05,8,1,14.563484775012444,5.994842503189409e-05,1890.5335318058123,1153.5986333473495,3.658037269619957e-05,season
435,435,5.994842503189409e-05,8,1,19.306977288832496,5.994842503189409e-05,1890.5335318058123,1160.47675594496,3.679847653300862e-05,season
436,436,5.994842503189409e-05,8,1,25.595479226995334,5.994842503189409e-05,1890.5335318058123,1169.324064408018,3.70790228439884e-05,season
437,437,5.994842503189409e-05,8,1,33.9322177189533,5.994842503189409e-05,1890.5335318058123,1182.1436154621158,3.748552814123909e-05,season
438,438,5.994842503189409e-05,8,1,44.98432668969444,5.994842503189409e-05,1890.5335318058123,1201.1365354291484,3.8087789682557975e-05,season
439,439,5.994842503189409e-05,8,1,59.636233165946365,5.994842503189409e-05,1890.5335318058123,1227.696745087958,3.8930008405884e-05,season
440,440,5.994842503189409e-05,8,1,79.06043210907701,5.994842503189409e-05,1890.5335318058123,1258.393995558219,3.990341183276951e-05,season
441,441,5.994842503189409e-05,8,1,104.81131341546852,5.994842503189409e-05,1890.5335318058123,1294.5244317375466,4.104910044829866e-05,season
442,442,5.994842503189409e-05,8,1,138.9495494373136,5.994842503189409e-05,1890.5335318058123,1337.521120726328,4.2412516512123545e-05,season
443,443,5.994842503189409e-05,8,1,184.20699693267164,5.994842503189409e-05,1890.5335318058123,1388.6939356115106,4.403519582735637e-05,season
444,444,5.994842503189409e-05,8,1,244.205309454865,5.994842503189409e-05,1890.5335318058123,1451.582950788078,4.6029393416669145e-05,season
445,445,5.994842503189409e-05,8,1,323.745754281764,5.994842503189409e-05,1890.5335318058123,1531.491563624903,4.856327890743604e-05,season
446,446,5.994842503189409e-05,8,1,429.1934260128778,5.994842503189409e-05,1890.5335318058123,1641.0091831723848,5.203605984184376e-05,season
447,447,5.994842503189409e-05,8,1,568.9866029018293,5.994842503189409e-05,1890.5335318058123,1835.7661494073784,5.821176272854448e-05,season
448,448,5.994842503189409e-05,8,1,754.3120063354608,5.994842503189409e-05,1890.5335318058123,1889.242122833864,5.990747472202765e-05,season
449,449,5.994842503189409e-05,8,1,1000.0,5.994842503189409e-05,1890.5335318058123,1889.242122833864,5.990747472202765e-05,season
450,450,0.0001,9,1,0.001,0.0001,3153.600000000002,1177.4696000000065,3.73373160832067e-05,season
451,451,0.0001,9,1,0.0013257113655901,0.0001,3153.600000000002,1179.297100000006,3.739526572805701e-05,season
452,452,0.0001,9,1,0.0017575106248547,0.0001,3153.600000000002,1181.4004000000057,3.746196093353646e-05,season
453,453,0.0001,9,1,0.0023299518105153,0.0001,3153.600000000002,1183.8211000000051,3.753872082699154e-05,season
454,454,0.0001,9,1,0.0030888435964774,0.0001,3153.600000000002,1186.6062000000056,3.7627035768645537e-05,season
455,455,0.0001,9,1,0.0040949150623804,0.0001,3153.600000000002,1189.8130000000049,3.7728722729579046e-05,season
456,456,0.0001,9,1,0.0054286754393238,0.0001,3153.600000000002,1193.493900000005,3.784544330289209e-05,season
457,457,0.0001,9,1,0.0071968567300115,0.0001,3153.600000000002,1197.6993000000057,3.797879566210063e-05,season
458,458,0.0001,9,1,0.0095409547634999,0.0001,3153.600000000002,1202.5411000000051,3.813232813292761e-05,season
459,459,0.0001,9,1,0.0126485521685529,0.0001,3153.600000000002,1208.1173000000033,3.8309148274987424e-05,season
460,460,0.0001,9,1,0.01676832936811,0.0001,3153.600000000002,1214.5346000000025,3.8512639523084805e-05,season
461,461,0.0001,9,1,0.0222299648252619,0.0001,3153.600000000002,1221.871700000003,3.874529743784892e-05,season
462,462,0.0001,9,1,0.029470517025518,0.0001,3153.600000000002,1230.328900000002,3.9013473490613966e-05,season
463,463,0.0001,9,1,0.0390693993705461,0.0001,3153.600000000002,1240.0259999999996,3.9320966514459656e-05,season
464,464,0.0001,9,1,0.0517947467923121,0.0001,3153.600000000002,1251.184299999999,3.967479388635207e-05,season
465,465,0.0001,9,1,0.06866488450043,0.0001,3153.600000000002,1263.9989999999982,4.00811453576864e-05,season
466,466,0.0001,9,1,0.0910298177991521,0.0001,3153.600000000002,1278.7299999999957,4.054826230339915e-05,season
467,467,0.0001,9,1,0.1206792640639329,0.0001,3153.600000000002,1295.6746999999957,4.108557521562644e-05,season
468,468,0.0001,9,1,0.1599858719606057,0.0001,3153.600000000002,1315.1857999999943,4.170426813800084e-05,season
469,469,0.0001,9,1,0.212095088792019,0.0001,3153.600000000002,1337.701299999991,4.241822995941119e-05,season
470,470,0.0001,9,1,0.281176869797423,0.0001,3153.600000000002,1363.733999999989,4.324372146118687e-05,season
471,471,0.0001,9,1,0.3727593720314938,0.0001,3153.600000000002,1393.9571999999855,4.420209284627048e-05,season
472,472,0.0001,9,1,0.4941713361323833,0.0001,3153.600000000002,1429.233399999982,4.532069381024804e-05,season
473,473,0.0001,9,1,0.655128556859551,0.0001,3153.600000000002,1470.8095999999769,4.663906646372326e-05,season
474,474,0.0001,9,1,0.868511373751352,0.0001,3153.600000000002,1520.598899999972,4.821787480974036e-05,season
475,475,0.0001,9,1,1.151395399326447,0.0001,3153.600000000002,1582.0728999999671,5.016720256215015e-05,season
476,476,0.0001,9,1,1.5264179671752334,0.0001,3153.600000000002,1663.5674999999585,5.275137937594997e-05,season
477,477,0.0001,9,1,2.023589647725158,0.0001,3153.600000000002,1808.9975999999435,5.736293759512759e-05,season
478,478,0.0001,9,1,2.682695795279725,0.0001,3153.600000000002,1887.021599999932,5.983706240486847e-05,season
479,479,0.0001,9,1,3.5564803062231287,0.0001,3153.600000000002,1890.963899999931,5.9962071917806033e-05,season
480,480,0.0001,9,1,4.714866363457395,0.0001,3153.600000000002,1893.5366999999303,6.004365487062184e-05,season
481,481,0.0001,9,1,6.25055192527397,0.0001,3153.600000000002,1896.6473999999296,6.014229452054572e-05,season
482,482,0.0001,9,1,8.286427728546842,0.0001,3153.600000000002,1900.424999999929,6.026208143074357e-05,season
483,483,0.0001,9,1,10.985411419875572,0.0001,3153.600000000002,1904.4769999999285,6.039056950786176e-05,season
484,484,0.0001,9,1,14.563484775012444,0.0001,3153.600000000002,1910.4458999999276,6.057984208523362e-05,season
485,485,0.0001,9,1,19.306977288832496,0.0001,3153.600000000002,1917.1955999999268,6.079387366818641e-05,season
486,486,0.0001,9,1,25.595479226995334,0.0001,3153.600000000002,1926.2227999999247,6.108012430238221e-05,season
487,487,0.0001,9,1,33.9322177189533,0.0001,3153.600000000002,1938.017399999924,6.145412861491388e-05,season
488,488,0.0001,9,1,44.98432668969444,0.0001,3153.600000000002,1954.4322999999215,6.19746416793481e-05,season
489,489,0.0001,9,1,59.636233165946365,0.0001,3153.600000000002,1977.3640999999188,6.270180428716131e-05,season
490,490,0.0001,9,1,79.06043210907701,0.0001,3153.600000000002,2011.5410999999149,6.37855498477903e-05,season
491,491,0.0001,9,1,104.81131341546852,0.0001,3153.600000000002,2057.0965999999103,6.523010527650654e-05,season
492,492,0.0001,9,1,138.9495494373136,0.0001,3153.600000000002,2110.5582999999046,6.692536466260479e-05,season
493,493,0.0001,9,1,184.20699693267164,0.0001,3153.600000000002,2172.5060999998973,6.88897165144564e-05,season
494,494,0.0001,9,1,244.205309454865,0.0001,3153.600000000002,2245.437499999889,7.12023560375409e-05,season
495,495,0.0001,9,1,323.745754281764,0.0001,3153.600000000002,2334.28629999988,7.401973300354768e-05,season
496,496,0.0001,9,1,429.1934260128778,0.0001,3153.600000000002,2443.519099999868,7.748348236935146e-05,season
497,497,0.0001,9,1,568.9866029018293,0.0001,3153.600000000002,2583.776699999852,8.193102168949303e-05,season
498,498,0.0001,9,1,754.3120063354608,0.0001,3153.600000000002,2780.59949999983,8.817223173515444e-05,season
499,499,0.0001,9,1,1000.0,0.0001,3153.600000000002,3137.9688999997898,9.950434107051592e-05,season
