,income,income_index,disparity,capacity,workload,total,actual,actual_avg
0,1e-06,0,1,0.001,1e-06,31.535999999999987,17.69385699999975,5.61068524860469e-07
1,1e-06,0,1,0.0013257113655901094,1e-06,31.535999999999987,17.989871999999803,5.704550989345447e-07
2,1e-06,0,1,0.0017575106248547913,1e-06,31.535999999999987,18.333336999999826,5.813463026382492e-07
3,1e-06,0,1,0.002329951810515372,1e-06,31.535999999999987,18.732281999999877,5.939967656012138e-07
4,1e-06,0,1,0.0030888435964774815,1e-06,31.535999999999987,19.198386999999926,6.087768581938079e-07
5,1e-06,0,1,0.004094915062380427,1e-06,31.535999999999987,19.744426999999973,6.260916730086242e-07
6,1e-06,0,1,0.005428675439323859,1e-06,31.535999999999987,20.389017000000056,6.465314878234417e-07
7,1e-06,0,1,0.0071968567300115215,1e-06,31.535999999999987,21.158072000000125,6.709180618975179e-07
8,1e-06,0,1,0.009540954763499945,1e-06,31.535999999999987,22.089917000000245,7.004666730086329e-07
9,1e-06,0,1,0.012648552168552958,1e-06,31.535999999999987,23.248792000000346,7.372143581938213e-07
10,1e-06,0,1,0.016768329368110083,1e-06,31.535999999999987,24.75904000000052,7.851040081177232e-07
11,1e-06,0,1,0.022229964825261943,1e-06,31.535999999999987,26.977620000000798,8.554547184170724e-07
12,1e-06,0,1,0.029470517025518096,1e-06,31.535999999999987,31.513788000001306,9.99295662100498e-07
13,1e-06,0,1,0.03906939937054617,1e-06,31.535999999999987,31.513788000001306,9.99295662100498e-07
14,1e-06,0,1,0.0517947467923121,1e-06,31.535999999999987,31.513788000001306,9.99295662100498e-07
15,1e-06,0,1,0.06866488450043001,1e-06,31.535999999999987,31.513788000001306,9.99295662100498e-07
16,1e-06,0,1,0.09102981779915217,1e-06,31.535999999999987,31.513788000001306,9.99295662100498e-07
17,1e-06,0,1,0.1206792640639329,1e-06,31.535999999999987,31.513788000001306,9.99295662100498e-07
18,1e-06,0,1,0.15998587196060574,1e-06,31.535999999999987,31.513788000001306,9.99295662100498e-07
19,1e-06,0,1,0.21209508879201905,1e-06,31.535999999999987,31.513788000001306,9.99295662100498e-07
20,1e-06,0,1,0.28117686979742307,1e-06,31.535999999999987,31.513788000001306,9.99295662100498e-07
21,1e-06,0,1,0.3727593720314938,1e-06,31.535999999999987,31.513788000001306,9.99295662100498e-07
22,1e-06,0,1,0.49417133613238334,1e-06,31.535999999999987,31.513788000001306,9.99295662100498e-07
23,1e-06,0,1,0.655128556859551,1e-06,31.535999999999987,31.513788000001306,9.99295662100498e-07
24,1e-06,0,1,0.868511373751352,1e-06,31.535999999999987,31.513788000001306,9.99295662100498e-07
25,1e-06,0,1,1.151395399326447,1e-06,31.535999999999987,31.513788000001306,9.99295662100498e-07
26,1e-06,0,1,1.5264179671752334,1e-06,31.535999999999987,31.513788000001306,9.99295662100498e-07
27,1e-06,0,1,2.023589647725158,1e-06,31.535999999999987,31.513788000001306,9.99295662100498e-07
28,1e-06,0,1,2.6826957952797246,1e-06,31.535999999999987,31.513788000001306,9.99295662100498e-07
29,1e-06,0,1,3.5564803062231287,1e-06,31.535999999999987,31.513788000001306,9.99295662100498e-07
30,1e-06,0,1,4.714866363457395,1e-06,31.535999999999987,31.513788000001306,9.99295662100498e-07
31,1e-06,0,1,6.25055192527397,1e-06,31.535999999999987,31.513788000001306,9.99295662100498e-07
32,1e-06,0,1,8.286427728546842,1e-06,31.535999999999987,31.513788000001306,9.99295662100498e-07
33,1e-06,0,1,10.985411419875572,1e-06,31.535999999999987,31.513788000001306,9.99295662100498e-07
34,1e-06,0,1,14.563484775012444,1e-06,31.535999999999987,31.513788000001306,9.99295662100498e-07
35,1e-06,0,1,19.306977288832496,1e-06,31.535999999999987,31.513788000001306,9.99295662100498e-07
36,1e-06,0,1,25.595479226995334,1e-06,31.535999999999987,31.513788000001306,9.99295662100498e-07
37,1e-06,0,1,33.9322177189533,1e-06,31.535999999999987,31.513788000001306,9.99295662100498e-07
38,1e-06,0,1,44.98432668969444,1e-06,31.535999999999987,31.513788000001306,9.99295662100498e-07
39,1e-06,0,1,59.636233165946365,1e-06,31.535999999999987,31.513788000001306,9.99295662100498e-07
40,1e-06,0,1,79.06043210907701,1e-06,31.535999999999987,31.513788000001306,9.99295662100498e-07
41,1e-06,0,1,104.81131341546852,1e-06,31.535999999999987,31.513788000001306,9.99295662100498e-07
42,1e-06,0,1,138.9495494373136,1e-06,31.535999999999987,31.513788000001306,9.99295662100498e-07
43,1e-06,0,1,184.20699693267164,1e-06,31.535999999999987,31.513788000001306,9.99295662100498e-07
44,1e-06,0,1,244.205309454865,1e-06,31.535999999999987,31.513788000001306,9.99295662100498e-07
45,1e-06,0,1,323.745754281764,1e-06,31.535999999999987,31.513788000001306,9.99295662100498e-07
46,1e-06,0,1,429.1934260128778,1e-06,31.535999999999987,31.513788000001306,9.99295662100498e-07
47,1e-06,0,1,568.9866029018293,1e-06,31.535999999999987,31.513788000001306,9.99295662100498e-07
48,1e-06,0,1,754.3120063354608,1e-06,31.535999999999987,31.513788000001306,9.99295662100498e-07
49,1e-06,0,1,1000.0,1e-06,31.535999999999987,31.513788000001306,9.99295662100498e-07
50,1.6681005372000591e-06,1,1,0.001,1.6681005372000591e-06,52.60521854114112,28.783286618154634,9.127120312707583e-07
51,1.6681005372000591e-06,1,1,0.0013257113655901094,1.6681005372000591e-06,52.60521854114112,29.16260433981107,9.247401173202395e-07
52,1.6681005372000591e-06,1,1,0.0017575106248547913,1.6681005372000591e-06,52.60521854114112,29.600981160987374,9.386409551302439e-07
53,1.6681005372000591e-06,1,1,0.002329951810515372,1.6681005372000591e-06,52.60521854114112,30.108767645516266,9.547427589268222e-07
54,1.6681005372000591e-06,1,1,0.0030888435964774815,1.6681005372000591e-06,52.60521854114112,30.697532070623677,9.73412356374419e-07
55,1.6681005372000591e-06,1,1,0.004094915062380427,1.6681005372000591e-06,52.60521854114112,31.3824958537112,9.951324154525368e-07
56,1.6681005372000591e-06,1,1,0.005428675439323859,1.6681005372000591e-06,52.60521854114112,32.18253355235787,1.0205014444557924e-06
57,1.6681005372000591e-06,1,1,0.0071968567300115215,1.6681005372000591e-06,52.60521854114112,33.12139057771023,1.0502724054322118e-06
58,1.6681005372000591e-06,1,1,0.009540954763499945,1.6681005372000591e-06,52.60521854114112,34.231336334660014,1.0854685544983515e-06
59,1.6681005372000591e-06,1,1,0.012648552168552958,1.6681005372000591e-06,52.60521854114112,35.558643932110364,1.1275572023119724e-06
60,1.6681005372000591e-06,1,1,0.016768329368110083,1.6681005372000591e-06,52.60521854114112,37.17333189010893,1.1787586215787966e-06
61,1.6681005372000591e-06,1,1,0.022229964825261943,1.6681005372000591e-06,52.60521854114112,39.19473612108788,1.2428569292582408e-06
62,1.6681005372000591e-06,1,1,0.029470517025518096,1.6681005372000591e-06,52.60521854114112,41.86464612981355,1.327519220250303e-06
63,1.6681005372000591e-06,1,1,0.03906939937054617,1.6681005372000591e-06,52.60521854114112,45.96559790409572,1.4575595479482408e-06
64,1.6681005372000591e-06,1,1,0.0517947467923121,1.6681005372000591e-06,52.60521854114112,52.56918590143373,1.6669579496903136e-06
65,1.6681005372000591e-06,1,1,0.06866488450043001,1.6681005372000591e-06,52.60521854114112,52.56918590143373,1.6669579496903136e-06
66,1.6681005372000591e-06,1,1,0.09102981779915217,1.6681005372000591e-06,52.60521854114112,52.56918590143373,1.6669579496903136e-06
67,1.6681005372000591e-06,1,1,0.1206792640639329,1.6681005372000591e-06,52.60521854114112,52.56918590143373,1.6669579496903136e-06
68,1.6681005372000591e-06,1,1,0.15998587196060574,1.6681005372000591e-06,52.60521854114112,52.56918590143373,1.6669579496903136e-06
69,1.6681005372000591e-06,1,1,0.21209508879201905,1.6681005372000591e-06,52.60521854114112,52.56918590143373,1.6669579496903136e-06
70,1.6681005372000591e-06,1,1,0.28117686979742307,1.6681005372000591e-06,52.60521854114112,52.56918590143373,1.6669579496903136e-06
71,1.6681005372000591e-06,1,1,0.3727593720314938,1.6681005372000591e-06,52.60521854114112,52.56918590143373,1.6669579496903136e-06
72,1.6681005372000591e-06,1,1,0.49417133613238334,1.6681005372000591e-06,52.60521854114112,52.56918590143373,1.6669579496903136e-06
73,1.6681005372000591e-06,1,1,0.655128556859551,1.6681005372000591e-06,52.60521854114112,52.56918590143373,1.6669579496903136e-06
74,1.6681005372000591e-06,1,1,0.868511373751352,1.6681005372000591e-06,52.60521854114112,52.56918590143373,1.6669579496903136e-06
75,1.6681005372000591e-06,1,1,1.151395399326447,1.6681005372000591e-06,52.60521854114112,52.56918590143373,1.6669579496903136e-06
76,1.6681005372000591e-06,1,1,1.5264179671752334,1.6681005372000591e-06,52.60521854114112,52.56918590143373,1.6669579496903136e-06
77,1.6681005372000591e-06,1,1,2.023589647725158,1.6681005372000591e-06,52.60521854114112,52.56918590143373,1.6669579496903136e-06
78,1.6681005372000591e-06,1,1,2.6826957952797246,1.6681005372000591e-06,52.60521854114112,52.56918590143373,1.6669579496903136e-06
79,1.6681005372000591e-06,1,1,3.5564803062231287,1.6681005372000591e-06,52.60521854114112,52.56918590143373,1.6669579496903136e-06
80,1.6681005372000591e-06,1,1,4.714866363457395,1.6681005372000591e-06,52.60521854114112,52.56918590143373,1.6669579496903136e-06
81,1.6681005372000591e-06,1,1,6.25055192527397,1.6681005372000591e-06,52.60521854114112,52.56918590143373,1.6669579496903136e-06
82,1.6681005372000591e-06,1,1,8.286427728546842,1.6681005372000591e-06,52.60521854114112,52.56918590143373,1.6669579496903136e-06
83,1.6681005372000591e-06,1,1,10.985411419875572,1.6681005372000591e-06,52.60521854114112,52.56918590143373,1.6669579496903136e-06
84,1.6681005372000591e-06,1,1,14.563484775012444,1.6681005372000591e-06,52.60521854114112,52.56918590143373,1.6669579496903136e-06
85,1.6681005372000591e-06,1,1,19.306977288832496,1.6681005372000591e-06,52.60521854114112,52.56918590143373,1.6669579496903136e-06
86,1.6681005372000591e-06,1,1,25.595479226995334,1.6681005372000591e-06,52.60521854114112,52.56918590143373,1.6669579496903136e-06
87,1.6681005372000591e-06,1,1,33.9322177189533,1.6681005372000591e-06,52.60521854114112,52.56918590143373,1.6669579496903136e-06
88,1.6681005372000591e-06,1,1,44.98432668969444,1.6681005372000591e-06,52.60521854114112,52.56918590143373,1.6669579496903136e-06
89,1.6681005372000591e-06,1,1,59.636233165946365,1.6681005372000591e-06,52.60521854114112,52.56918590143373,1.6669579496903136e-06
90,1.6681005372000591e-06,1,1,79.06043210907701,1.6681005372000591e-06,52.60521854114112,52.56918590143373,1.6669579496903136e-06
91,1.6681005372000591e-06,1,1,104.81131341546852,1.6681005372000591e-06,52.60521854114112,52.56918590143373,1.6669579496903136e-06
92,1.6681005372000591e-06,1,1,138.9495494373136,1.6681005372000591e-06,52.60521854114112,52.56918590143373,1.6669579496903136e-06
93,1.6681005372000591e-06,1,1,184.20699693267164,1.6681005372000591e-06,52.60521854114112,52.56918590143373,1.6669579496903136e-06
94,1.6681005372000591e-06,1,1,244.205309454865,1.6681005372000591e-06,52.60521854114112,52.56918590143373,1.6669579496903136e-06
95,1.6681005372000591e-06,1,1,323.745754281764,1.6681005372000591e-06,52.60521854114112,52.56918590143373,1.6669579496903136e-06
96,1.6681005372000591e-06,1,1,429.1934260128778,1.6681005372000591e-06,52.60521854114112,52.56918590143373,1.6669579496903136e-06
97,1.6681005372000591e-06,1,1,568.9866029018293,1.6681005372000591e-06,52.60521854114112,52.56918590143373,1.6669579496903136e-06
98,1.6681005372000591e-06,1,1,754.3120063354608,1.6681005372000591e-06,52.60521854114112,52.56918590143373,1.6669579496903136e-06
99,1.6681005372000591e-06,1,1,1000.0,1.6681005372000591e-06,52.60521854114112,52.56918590143373,1.6669579496903136e-06
100,2.782559402207126e-06,2,1,0.001,2.782559402207126e-06,87.75079330800368,47.07496988614089,1.4927375027315097e-06
101,2.782559402207126e-06,2,1,0.0013257113655901094,2.782559402207126e-06,87.75079330800368,47.5614586592259,1.5081639605284723e-06
102,2.782559402207126e-06,2,1,0.0017575106248547913,2.782559402207126e-06,87.75079330800368,48.12411999594629,1.5260058344731825e-06
103,2.782559402207126e-06,2,1,0.002329951810515372,2.782559402207126e-06,87.75079330800368,48.77311023812001,1.5465851800520044e-06
104,2.782559402207126e-06,2,1,0.0030888435964774815,2.782559402207126e-06,87.75079330800368,49.52467953265625,1.5704172860431333e-06
105,2.782559402207126e-06,2,1,0.004094915062380427,2.782559402207126e-06,87.75079330800368,50.39507802646384,1.598017441224754e-06
106,2.782559402207126e-06,2,1,0.005428675439323859,2.782559402207126e-06,87.75079330800368,51.40461840317878,1.630029756569596e-06
107,2.782559402207126e-06,2,1,0.0071968567300115215,2.782559402207126e-06,87.75079330800368,52.580722785709725,1.6673237818908462e-06
108,2.782559402207126e-06,2,1,0.009540954763499945,2.782559402207126e-06,87.75079330800368,53.95487583369284,1.7108978891962468e-06
109,2.782559402207126e-06,2,1,0.012648552168552958,2.782559402207126e-06,87.75079330800368,55.56871854858211,1.7620725059798995e-06
110,2.782559402207126e-06,2,1,0.016768329368110083,2.782559402207126e-06,87.75079330800368,57.481157712922354,1.8227155540627332e-06
111,2.782559402207126e-06,2,1,0.022229964825261943,2.782559402207126e-06,87.75079330800368,59.77445969543961,1.8954356828843104e-06
112,2.782559402207126e-06,2,1,0.029470517025518096,2.782559402207126e-06,87.75079330800368,62.57456313467819,1.9842263804755895e-06
113,2.782559402207126e-06,2,1,0.03906939937054617,2.782559402207126e-06,87.75079330800368,66.1061318767711,2.096211690663721e-06
114,2.782559402207126e-06,2,1,0.0517947467923121,2.782559402207126e-06,87.75079330800368,70.84729032124079,2.2465528386999237e-06
115,2.782559402207126e-06,2,1,0.06866488450043001,2.782559402207126e-06,87.75079330800368,78.60168234236001,2.492442996650178e-06
116,2.782559402207126e-06,2,1,0.09102981779915217,2.782559402207126e-06,87.75079330800368,87.68898709856228,2.7805995401624263e-06
117,2.782559402207126e-06,2,1,0.1206792640639329,2.782559402207126e-06,87.75079330800368,87.68898709856228,2.7805995401624263e-06
118,2.782559402207126e-06,2,1,0.15998587196060574,2.782559402207126e-06,87.75079330800368,87.68898709856228,2.7805995401624263e-06
119,2.782559402207126e-06,2,1,0.21209508879201905,2.782559402207126e-06,87.75079330800368,87.68898709856228,2.7805995401624263e-06
120,2.782559402207126e-06,2,1,0.28117686979742307,2.782559402207126e-06,87.75079330800368,87.68898709856228,2.7805995401624263e-06
121,2.782559402207126e-06,2,1,0.3727593720314938,2.782559402207126e-06,87.75079330800368,87.68898709856228,2.7805995401624263e-06
122,2.782559402207126e-06,2,1,0.49417133613238334,2.782559402207126e-06,87.75079330800368,87.68898709856228,2.7805995401624263e-06
123,2.782559402207126e-06,2,1,0.655128556859551,2.782559402207126e-06,87.75079330800368,87.68898709856228,2.7805995401624263e-06
124,2.782559402207126e-06,2,1,0.868511373751352,2.782559402207126e-06,87.75079330800368,87.68898709856228,2.7805995401624263e-06
125,2.782559402207126e-06,2,1,1.151395399326447,2.782559402207126e-06,87.75079330800368,87.68898709856228,2.7805995401624263e-06
126,2.782559402207126e-06,2,1,1.5264179671752334,2.782559402207126e-06,87.75079330800368,87.68898709856228,2.7805995401624263e-06
127,2.782559402207126e-06,2,1,2.023589647725158,2.782559402207126e-06,87.75079330800368,87.68898709856228,2.7805995401624263e-06
128,2.782559402207126e-06,2,1,2.6826957952797246,2.782559402207126e-06,87.75079330800368,87.68898709856228,2.7805995401624263e-06
129,2.782559402207126e-06,2,1,3.5564803062231287,2.782559402207126e-06,87.75079330800368,87.68898709856228,2.7805995401624263e-06
130,2.782559402207126e-06,2,1,4.714866363457395,2.782559402207126e-06,87.75079330800368,87.68898709856228,2.7805995401624263e-06
131,2.782559402207126e-06,2,1,6.25055192527397,2.782559402207126e-06,87.75079330800368,87.68898709856228,2.7805995401624263e-06
132,2.782559402207126e-06,2,1,8.286427728546842,2.782559402207126e-06,87.75079330800368,87.68898709856228,2.7805995401624263e-06
133,2.782559402207126e-06,2,1,10.985411419875572,2.782559402207126e-06,87.75079330800368,87.68898709856228,2.7805995401624263e-06
134,2.782559402207126e-06,2,1,14.563484775012444,2.782559402207126e-06,87.75079330800368,87.68898709856228,2.7805995401624263e-06
135,2.782559402207126e-06,2,1,19.306977288832496,2.782559402207126e-06,87.75079330800368,87.68898709856228,2.7805995401624263e-06
136,2.782559402207126e-06,2,1,25.595479226995334,2.782559402207126e-06,87.75079330800368,87.68898709856228,2.7805995401624263e-06
137,2.782559402207126e-06,2,1,33.9322177189533,2.782559402207126e-06,87.75079330800368,87.68898709856228,2.7805995401624263e-06
138,2.782559402207126e-06,2,1,44.98432668969444,2.782559402207126e-06,87.75079330800368,87.68898709856228,2.7805995401624263e-06
139,2.782559402207126e-06,2,1,59.636233165946365,2.782559402207126e-06,87.75079330800368,87.68898709856228,2.7805995401624263e-06
140,2.782559402207126e-06,2,1,79.06043210907701,2.782559402207126e-06,87.75079330800368,87.68898709856228,2.7805995401624263e-06
141,2.782559402207126e-06,2,1,104.81131341546852,2.782559402207126e-06,87.75079330800368,87.68898709856228,2.7805995401624263e-06
142,2.782559402207126e-06,2,1,138.9495494373136,2.782559402207126e-06,87.75079330800368,87.68898709856228,2.7805995401624263e-06
143,2.782559402207126e-06,2,1,184.20699693267164,2.782559402207126e-06,87.75079330800368,87.68898709856228,2.7805995401624263e-06
144,2.782559402207126e-06,2,1,244.205309454865,2.782559402207126e-06,87.75079330800368,87.68898709856228,2.7805995401624263e-06
145,2.782559402207126e-06,2,1,323.745754281764,2.782559402207126e-06,87.75079330800368,87.68898709856228,2.7805995401624263e-06
146,2.782559402207126e-06,2,1,429.1934260128778,2.782559402207126e-06,87.75079330800368,87.68898709856228,2.7805995401624263e-06
147,2.782559402207126e-06,2,1,568.9866029018293,2.782559402207126e-06,87.75079330800368,87.68898709856228,2.7805995401624263e-06
148,2.782559402207126e-06,2,1,754.3120063354608,2.782559402207126e-06,87.75079330800368,87.68898709856228,2.7805995401624263e-06
149,2.782559402207126e-06,2,1,1000.0,2.782559402207126e-06,87.75079330800368,87.68898709856228,2.7805995401624263e-06
150,4.641588833612782e-06,3,1,0.001,4.641588833612782e-06,146.37714545681249,77.31613808981876,2.451678655816171e-06
151,4.641588833612782e-06,3,1,0.0013257113655901094,4.641588833612782e-06,146.37714545681249,77.9446788417225,2.4716095523123575e-06
152,4.641588833612782e-06,3,1,0.0017575106248547913,4.641588833612782e-06,146.37714545681249,78.66639948946104,2.4944951639225344e-06
153,4.641588833612782e-06,3,1,0.002329951810515372,4.641588833612782e-06,146.37714545681249,79.50163019212557,2.52098015576248e-06
154,4.641588833612782e-06,3,1,0.0030888435964774815,4.641588833612782e-06,146.37714545681249,80.46561856903459,2.551548026669032e-06
155,4.641588833612782e-06,3,1,0.004094915062380427,4.641588833612782e-06,146.37714545681249,81.57700059935492,2.5867897196649836e-06
156,4.641588833612782e-06,3,1,0.005428675439323859,4.641588833612782e-06,146.37714545681249,82.86457734179929,2.6276185103310277e-06
157,4.641588833612782e-06,3,1,0.0071968567300115215,4.641588833612782e-06,146.37714545681249,84.35714985508015,2.6749476742478486e-06
158,4.641588833612782e-06,3,1,0.009540954763499945,4.641588833612782e-06,146.37714545681249,86.09029591760726,2.729905375368064e-06
159,4.641588833612782e-06,3,1,0.012648552168552958,4.641588833612782e-06,146.37714545681249,88.10806420741146,2.7938883881091913e-06
160,4.641588833612782e-06,3,1,0.016768329368110083,4.641588833612782e-06,146.37714545681249,90.46805684191797,2.8687232636326095e-06
161,4.641588833612782e-06,3,1,0.022229964825261943,4.641588833612782e-06,146.37714545681249,93.24481773779476,2.956773774029514e-06
162,4.641588833612782e-06,3,1,0.029470517025518096,4.641588833612782e-06,146.37714545681249,96.53999769049764,3.061263244878794e-06
163,4.641588833612782e-06,3,1,0.03906939937054617,4.641588833612782e-06,146.37714545681249,100.50268453336264,3.1869192203628437e-06
164,4.641588833612782e-06,3,1,0.0517947467923121,4.641588833612782e-06,146.37714545681249,105.36328673609013,3.3410479051271603e-06
165,4.641588833612782e-06,3,1,0.06866488450043001,4.641588833612782e-06,146.37714545681249,111.54389646244242,3.5370337538826237e-06
166,4.641588833612782e-06,3,1,0.09102981779915217,4.641588833612782e-06,146.37714545681249,120.01186259964403,3.8055511986188493e-06
167,4.641588833612782e-06,3,1,0.1206792640639329,4.641588833612782e-06,146.37714545681249,135.31401130368164,4.290779150928515e-06
168,4.641588833612782e-06,3,1,0.15998587196060574,4.641588833612782e-06,146.37714545681249,146.27688249642873,4.63840951599533e-06
169,4.641588833612782e-06,3,1,0.21209508879201905,4.641588833612782e-06,146.37714545681249,146.27688249642873,4.63840951599533e-06
170,4.641588833612782e-06,3,1,0.28117686979742307,4.641588833612782e-06,146.37714545681249,146.27688249642873,4.63840951599533e-06
171,4.641588833612782e-06,3,1,0.3727593720314938,4.641588833612782e-06,146.37714545681249,146.27688249642873,4.63840951599533e-06
172,4.641588833612782e-06,3,1,0.49417133613238334,4.641588833612782e-06,146.37714545681249,146.27688249642873,4.63840951599533e-06
173,4.641588833612782e-06,3,1,0.655128556859551,4.641588833612782e-06,146.37714545681249,146.27688249642873,4.63840951599533e-06
174,4.641588833612782e-06,3,1,0.868511373751352,4.641588833612782e-06,146.37714545681249,146.27688249642873,4.63840951599533e-06
175,4.641588833612782e-06,3,1,1.151395399326447,4.641588833612782e-06,146.37714545681249,146.27688249642873,4.63840951599533e-06
176,4.641588833612782e-06,3,1,1.5264179671752334,4.641588833612782e-06,146.37714545681249,146.27688249642873,4.63840951599533e-06
177,4.641588833612782e-06,3,1,2.023589647725158,4.641588833612782e-06,146.37714545681249,146.27688249642873,4.63840951599533e-06
178,4.641588833612782e-06,3,1,2.6826957952797246,4.641588833612782e-06,146.37714545681249,146.27688249642873,4.63840951599533e-06
179,4.641588833612782e-06,3,1,3.5564803062231287,4.641588833612782e-06,146.37714545681249,146.27688249642873,4.63840951599533e-06
180,4.641588833612782e-06,3,1,4.714866363457395,4.641588833612782e-06,146.37714545681249,146.27688249642873,4.63840951599533e-06
181,4.641588833612782e-06,3,1,6.25055192527397,4.641588833612782e-06,146.37714545681249,146.27688249642873,4.63840951599533e-06
182,4.641588833612782e-06,3,1,8.286427728546842,4.641588833612782e-06,146.37714545681249,146.27688249642873,4.63840951599533e-06
183,4.641588833612782e-06,3,1,10.985411419875572,4.641588833612782e-06,146.37714545681249,146.27688249642873,4.63840951599533e-06
184,4.641588833612782e-06,3,1,14.563484775012444,4.641588833612782e-06,146.37714545681249,146.27688249642873,4.63840951599533e-06
185,4.641588833612782e-06,3,1,19.306977288832496,4.641588833612782e-06,146.37714545681249,146.27688249642873,4.63840951599533e-06
186,4.641588833612782e-06,3,1,25.595479226995334,4.641588833612782e-06,146.37714545681249,146.27688249642873,4.63840951599533e-06
187,4.641588833612782e-06,3,1,33.9322177189533,4.641588833612782e-06,146.37714545681249,146.27688249642873,4.63840951599533e-06
188,4.641588833612782e-06,3,1,44.98432668969444,4.641588833612782e-06,146.37714545681249,146.27688249642873,4.63840951599533e-06
189,4.641588833612782e-06,3,1,59.636233165946365,4.641588833612782e-06,146.37714545681249,146.27688249642873,4.63840951599533e-06
190,4.641588833612782e-06,3,1,79.06043210907701,4.641588833612782e-06,146.37714545681249,146.27688249642873,4.63840951599533e-06
191,4.641588833612782e-06,3,1,104.81131341546852,4.641588833612782e-06,146.37714545681249,146.27688249642873,4.63840951599533e-06
192,4.641588833612782e-06,3,1,138.9495494373136,4.641588833612782e-06,146.37714545681249,146.27688249642873,4.63840951599533e-06
193,4.641588833612782e-06,3,1,184.20699693267164,4.641588833612782e-06,146.37714545681249,146.27688249642873,4.63840951599533e-06
194,4.641588833612782e-06,3,1,244.205309454865,4.641588833612782e-06,146.37714545681249,146.27688249642873,4.63840951599533e-06
195,4.641588833612782e-06,3,1,323.745754281764,4.641588833612782e-06,146.37714545681249,146.27688249642873,4.63840951599533e-06
196,4.641588833612782e-06,3,1,429.1934260128778,4.641588833612782e-06,146.37714545681249,146.27688249642873,4.63840951599533e-06
197,4.641588833612782e-06,3,1,568.9866029018293,4.641588833612782e-06,146.37714545681249,146.27688249642873,4.63840951599533e-06
198,4.641588833612782e-06,3,1,754.3120063354608,4.641588833612782e-06,146.37714545681249,146.27688249642873,4.63840951599533e-06
199,4.641588833612782e-06,3,1,1000.0,4.641588833612782e-06,146.37714545681249,146.27688249642873,4.63840951599533e-06
200,7.742636826811277e-06,4,1,0.001,7.742636826811277e-06,244.17179497032004,127.41393107643879,4.040269250267592e-06
201,7.742636826811277e-06,4,1,0.0013257113655901094,7.742636826811277e-06,244.17179497032004,128.22218493478968,4.065898811985974e-06
202,7.742636826811277e-06,4,1,0.0017575106248547913,7.742636826811277e-06,244.17179497032004,129.1547855405791,4.095471383199489e-06
203,7.742636826811277e-06,4,1,0.002329951810515372,7.742636826811277e-06,244.17179497032004,130.22868926845788,4.129524647021115e-06
204,7.742636826811277e-06,4,1,0.0030888435964774815,7.742636826811277e-06,244.17179497032004,131.46650461796023,4.168775514268145e-06
205,7.742636826811277e-06,4,1,0.004094915062380427,7.742636826811277e-06,244.17179497032004,132.89649221350408,4.214120123462204e-06
206,7.742636826811277e-06,4,1,0.005428675439323859,7.742636826811277e-06,244.17179497032004,134.54691267950722,4.266454613124912e-06
207,7.742636826811277e-06,4,1,0.0071968567300115215,7.742636826811277e-06,244.17179497032004,136.45450482771284,4.326943963334374e-06
208,7.742636826811277e-06,4,1,0.009540954763499945,7.742636826811277e-06,244.17179497032004,138.6616595947479,4.396932381873031e-06
209,7.742636826811277e-06,4,1,0.012648552168552958,7.742636826811277e-06,244.17179497032004,141.21924610456455,4.478032918079799e-06
210,7.742636826811277e-06,4,1,0.016768329368110083,7.742636826811277e-06,244.17179497032004,144.19226379332363,4.572306690554402e-06
211,7.742636826811277e-06,4,1,0.022229964825261943,7.742636826811277e-06,244.17179497032004,147.65419028451174,4.6820836594530616e-06
212,7.742636826811277e-06,4,1,0.029470517025518096,7.742636826811277e-06,244.17179497032004,151.70958988847505,4.810679537305779e-06
213,7.742636826811277e-06,4,1,0.03906939937054617,7.742636826811277e-06,244.17179497032004,156.48846147753554,4.96221656131201e-06
214,7.742636826811277e-06,4,1,0.0517947467923121,7.742636826811277e-06,244.17179497032004,162.16884698552587,5.1423404041579745e-06
215,7.742636826811277e-06,4,1,0.06866488450043001,7.742636826811277e-06,244.17179497032004,169.02204840685744,5.359653995651238e-06
216,7.742636826811277e-06,4,1,0.09102981779915217,7.742636826811277e-06,244.17179497032004,177.47197510779822,5.627599413616128e-06
217,7.742636826811277e-06,4,1,0.1206792640639329,7.742636826811277e-06,244.17179497032004,188.31545281474277,5.971443836083929e-06
218,7.742636826811277e-06,4,1,0.15998587196060574,7.742636826811277e-06,244.17179497032004,203.53719808132857,6.454122212117218e-06
219,7.742636826811277e-06,4,1,0.21209508879201905,7.742636826811277e-06,244.17179497032004,239.12412225854982,7.582576175118906e-06
220,7.742636826811277e-06,4,1,0.28117686979742307,7.742636826811277e-06,244.17179497032004,243.9998155211323,7.737183394252039e-06
221,7.742636826811277e-06,4,1,0.3727593720314938,7.742636826811277e-06,244.17179497032004,243.9998155211323,7.737183394252039e-06
222,7.742636826811277e-06,4,1,0.49417133613238334,7.742636826811277e-06,244.17179497032004,243.9998155211323,7.737183394252039e-06
223,7.742636826811277e-06,4,1,0.655128556859551,7.742636826811277e-06,244.17179497032004,243.9998155211323,7.737183394252039e-06
224,7.742636826811277e-06,4,1,0.868511373751352,7.742636826811277e-06,244.17179497032004,243.9998155211323,7.737183394252039e-06
225,7.742636826811277e-06,4,1,1.151395399326447,7.742636826811277e-06,244.17179497032004,243.9998155211323,7.737183394252039e-06
226,7.742636826811277e-06,4,1,1.5264179671752334,7.742636826811277e-06,244.17179497032004,243.9998155211323,7.737183394252039e-06
227,7.742636826811277e-06,4,1,2.023589647725158,7.742636826811277e-06,244.17179497032004,243.9998155211323,7.737183394252039e-06
228,7.742636826811277e-06,4,1,2.6826957952797246,7.742636826811277e-06,244.17179497032004,243.9998155211323,7.737183394252039e-06
229,7.742636826811277e-06,4,1,3.5564803062231287,7.742636826811277e-06,244.17179497032004,243.9998155211323,7.737183394252039e-06
230,7.742636826811277e-06,4,1,4.714866363457395,7.742636826811277e-06,244.17179497032004,243.9998155211323,7.737183394252039e-06
231,7.742636826811277e-06,4,1,6.25055192527397,7.742636826811277e-06,244.17179497032004,243.9998155211323,7.737183394252039e-06
232,7.742636826811277e-06,4,1,8.286427728546842,7.742636826811277e-06,244.17179497032004,243.9998155211323,7.737183394252039e-06
233,7.742636826811277e-06,4,1,10.985411419875572,7.742636826811277e-06,244.17179497032004,243.9998155211323,7.737183394252039e-06
234,7.742636826811277e-06,4,1,14.563484775012444,7.742636826811277e-06,244.17179497032004,243.9998155211323,7.737183394252039e-06
235,7.742636826811277e-06,4,1,19.306977288832496,7.742636826811277e-06,244.17179497032004,243.9998155211323,7.737183394252039e-06
236,7.742636826811277e-06,4,1,25.595479226995334,7.742636826811277e-06,244.17179497032004,243.9998155211323,7.737183394252039e-06
237,7.742636826811277e-06,4,1,33.9322177189533,7.742636826811277e-06,244.17179497032004,243.9998155211323,7.737183394252039e-06
238,7.742636826811277e-06,4,1,44.98432668969444,7.742636826811277e-06,244.17179497032004,243.9998155211323,7.737183394252039e-06
239,7.742636826811277e-06,4,1,59.636233165946365,7.742636826811277e-06,244.17179497032004,243.9998155211323,7.737183394252039e-06
240,7.742636826811277e-06,4,1,79.06043210907701,7.742636826811277e-06,244.17179497032004,243.9998155211323,7.737183394252039e-06
241,7.742636826811277e-06,4,1,104.81131341546852,7.742636826811277e-06,244.17179497032004,243.9998155211323,7.737183394252039e-06
242,7.742636826811277e-06,4,1,138.9495494373136,7.742636826811277e-06,244.17179497032004,243.9998155211323,7.737183394252039e-06
243,7.742636826811277e-06,4,1,184.20699693267164,7.742636826811277e-06,244.17179497032004,243.9998155211323,7.737183394252039e-06
244,7.742636826811277e-06,4,1,244.205309454865,7.742636826811277e-06,244.17179497032004,243.9998155211323,7.737183394252039e-06
245,7.742636826811277e-06,4,1,323.745754281764,7.742636826811277e-06,244.17179497032004,243.9998155211323,7.737183394252039e-06
246,7.742636826811277e-06,4,1,429.1934260128778,7.742636826811277e-06,244.17179497032004,243.9998155211323,7.737183394252039e-06
247,7.742636826811277e-06,4,1,568.9866029018293,7.742636826811277e-06,244.17179497032004,243.9998155211323,7.737183394252039e-06
248,7.742636826811277e-06,4,1,754.3120063354608,7.742636826811277e-06,244.17179497032004,243.9998155211323,7.737183394252039e-06
249,7.742636826811277e-06,4,1,1000.0,7.742636826811277e-06,244.17179497032004,243.9998155211323,7.737183394252039e-06
250,1.2915496650148827e-05,5,1,0.001,1.2915496650148827e-05,407.30310235909496,210.53101630124806,6.675894733043127e-06
251,1.2915496650148827e-05,5,1,0.0013257113655901094,1.2915496650148827e-05,407.30310235909496,211.5728448385325,6.708930899243166e-06
252,1.2915496650148827e-05,5,1,0.0017575106248547913,1.2915496650148827e-05,407.30310235909496,212.77495468924533,6.7470495525509044e-06
253,1.2915496650148827e-05,5,1,0.002329951810515372,1.2915496650148827e-05,407.30310235909496,214.16091663477292,6.790998117540998e-06
254,1.2915496650148827e-05,5,1,0.0030888435964774815,1.2915496650148827e-05,407.30310235909496,215.75430145650213,6.841524018788119e-06
255,1.2915496650148827e-05,5,1,0.004094915062380427,1.2915496650148827e-05,407.30310235909496,217.59753656092806,6.899972620526638e-06
256,1.2915496650148827e-05,5,1,0.005428675439323859,1.2915496650148827e-05,407.30310235909496,219.7189068857154,6.967240832246176e-06
257,1.2915496650148827e-05,5,1,0.0071968567300115215,1.2915496650148827e-05,407.30310235909496,222.16555399363637,7.044823503096029e-06
258,1.2915496650148827e-05,5,1,0.009540954763499945,1.2915496650148827e-05,407.30310235909496,224.9940477600193,7.1345144520554065e-06
259,1.2915496650148827e-05,5,1,0.012648552168552958,1.2915496650148827e-05,407.30310235909496,228.26095806019174,7.238107498103492e-06
260,1.2915496650148827e-05,5,1,0.016768329368110083,1.2915496650148827e-05,407.30310235909496,232.04642555086727,7.3581438847941165e-06
261,1.2915496650148827e-05,5,1,0.022229964825261943,1.2915496650148827e-05,407.30310235909496,236.4305908887611,7.497164855681161e-06
262,1.2915496650148827e-05,5,1,0.029470517025518096,1.2915496650148827e-05,407.30310235909496,241.53130798080446,7.658907533637888e-06
263,1.2915496650148827e-05,5,1,0.03906939937054617,1.2915496650148827e-05,407.30310235909496,247.47585904648582,7.847408011367511e-06
264,1.2915496650148827e-05,5,1,0.0517947467923121,1.2915496650148827e-05,407.30310235909496,254.4480961806196,8.068496200552372e-06
265,1.2915496650148827e-05,5,1,0.06866488450043001,1.2915496650148827e-05,407.30310235909496,262.6695847282376,8.329197892194242e-06
266,1.2915496650148827e-05,5,1,0.09102981779915217,1.2915496650148827e-05,407.30310235909496,272.465601472475,8.639827545423484e-06
267,1.2915496650148827e-05,5,1,0.1206792640639329,1.2915496650148827e-05,407.30310235909496,284.3264186661712,9.01593159139305e-06
268,1.2915496650148827e-05,5,1,0.15998587196060574,1.2915496650148827e-05,407.30310235909496,299.03458625135875,9.482324525981695e-06
269,1.2915496650148827e-05,5,1,0.21209508879201905,1.2915496650148827e-05,407.30310235909496,318.11105894455267,1.008723550686684e-05
270,1.2915496650148827e-05,5,1,0.28117686979742307,1.2915496650148827e-05,407.30310235909496,345.72614729011156,1.0962904213917794e-05
271,1.2915496650148827e-05,5,1,0.3727593720314938,1.2915496650148827e-05,407.30310235909496,407.01622334748885,1.2906399776366338e-05
272,1.2915496650148827e-05,5,1,0.49417133613238334,1.2915496650148827e-05,407.30310235909496,407.01622334748885,1.2906399776366338e-05
273,1.2915496650148827e-05,5,1,0.655128556859551,1.2915496650148827e-05,407.30310235909496,407.01622334748885,1.2906399776366338e-05
274,1.2915496650148827e-05,5,1,0.868511373751352,1.2915496650148827e-05,407.30310235909496,407.01622334748885,1.2906399776366338e-05
275,1.2915496650148827e-05,5,1,1.151395399326447,1.2915496650148827e-05,407.30310235909496,407.01622334748885,1.2906399776366338e-05
276,1.2915496650148827e-05,5,1,1.5264179671752334,1.2915496650148827e-05,407.30310235909496,407.01622334748885,1.2906399776366338e-05
277,1.2915496650148827e-05,5,1,2.023589647725158,1.2915496650148827e-05,407.30310235909496,407.01622334748885,1.2906399776366338e-05
278,1.2915496650148827e-05,5,1,2.6826957952797246,1.2915496650148827e-05,407.30310235909496,407.01622334748885,1.2906399776366338e-05
279,1.2915496650148827e-05,5,1,3.5564803062231287,1.2915496650148827e-05,407.30310235909496,407.01622334748885,1.2906399776366338e-05
280,1.2915496650148827e-05,5,1,4.714866363457395,1.2915496650148827e-05,407.30310235909496,407.01622334748885,1.2906399776366338e-05
281,1.2915496650148827e-05,5,1,6.25055192527397,1.2915496650148827e-05,407.30310235909496,407.01622334748885,1.2906399776366338e-05
282,1.2915496650148827e-05,5,1,8.286427728546842,1.2915496650148827e-05,407.30310235909496,407.01622334748885,1.2906399776366338e-05
283,1.2915496650148827e-05,5,1,10.985411419875572,1.2915496650148827e-05,407.30310235909496,407.01622334748885,1.2906399776366338e-05
284,1.2915496650148827e-05,5,1,14.563484775012444,1.2915496650148827e-05,407.30310235909496,407.01622334748885,1.2906399776366338e-05
285,1.2915496650148827e-05,5,1,19.306977288832496,1.2915496650148827e-05,407.30310235909496,407.01622334748885,1.2906399776366338e-05
286,1.2915496650148827e-05,5,1,25.595479226995334,1.2915496650148827e-05,407.30310235909496,407.01622334748885,1.2906399776366338e-05
287,1.2915496650148827e-05,5,1,33.9322177189533,1.2915496650148827e-05,407.30310235909496,407.01622334748885,1.2906399776366338e-05
288,1.2915496650148827e-05,5,1,44.98432668969444,1.2915496650148827e-05,407.30310235909496,407.01622334748885,1.2906399776366338e-05
289,1.2915496650148827e-05,5,1,59.636233165946365,1.2915496650148827e-05,407.30310235909496,407.01622334748885,1.2906399776366338e-05
290,1.2915496650148827e-05,5,1,79.06043210907701,1.2915496650148827e-05,407.30310235909496,407.01622334748885,1.2906399776366338e-05
291,1.2915496650148827e-05,5,1,104.81131341546852,1.2915496650148827e-05,407.30310235909496,407.01622334748885,1.2906399776366338e-05
292,1.2915496650148827e-05,5,1,138.9495494373136,1.2915496650148827e-05,407.30310235909496,407.01622334748885,1.2906399776366338e-05
293,1.2915496650148827e-05,5,1,184.20699693267164,1.2915496650148827e-05,407.30310235909496,407.01622334748885,1.2906399776366338e-05
294,1.2915496650148827e-05,5,1,244.205309454865,1.2915496650148827e-05,407.30310235909496,407.01622334748885,1.2906399776366338e-05
295,1.2915496650148827e-05,5,1,323.745754281764,1.2915496650148827e-05,407.30310235909496,407.01622334748885,1.2906399776366338e-05
296,1.2915496650148827e-05,5,1,429.1934260128778,1.2915496650148827e-05,407.30310235909496,407.01622334748885,1.2906399776366338e-05
297,1.2915496650148827e-05,5,1,568.9866029018293,1.2915496650148827e-05,407.30310235909496,407.01622334748885,1.2906399776366338e-05
298,1.2915496650148827e-05,5,1,754.3120063354608,1.2915496650148827e-05,407.30310235909496,407.01622334748885,1.2906399776366338e-05
299,1.2915496650148827e-05,5,1,1000.0,1.2915496650148827e-05,407.30310235909496,407.01622334748885,1.2906399776366338e-05
300,2.1544346900318823e-05,6,1,0.001,2.1544346900318823e-05,679.4225238484552,348.59188480523727,1.10537761544025e-05
301,2.1544346900318823e-05,6,1,0.0013257113655901094,2.1544346900318823e-05,679.4225238484552,349.9365752170208,1.1096416007642719e-05
302,2.1544346900318823e-05,6,1,0.0017575106248547913,2.1544346900318823e-05,679.4225238484552,351.4935851675067,1.1145788469289278e-05
303,2.1544346900318823e-05,6,1,0.002329951810515372,2.1544346900318823e-05,679.4225238484552,353.2786420299328,1.1202392251076003e-05
304,2.1544346900318823e-05,6,1,0.0030888435964774815,2.1544346900318823e-05,679.4225238484552,355.3310642373916,1.126747413233738e-05
305,2.1544346900318823e-05,6,1,0.004094915062380427,2.1544346900318823e-05,679.4225238484552,357.70589759621384,1.1342779604141738e-05
306,2.1544346900318823e-05,6,1,0.005428675439323859,2.1544346900318823e-05,679.4225238484552,360.4345968528738,1.1429306089956678e-05
307,2.1544346900318823e-05,6,1,0.0071968567300115215,2.1544346900318823e-05,679.4225238484552,363.587935186939,1.1529297792584316e-05
308,2.1544346900318823e-05,6,1,0.009540954763499945,2.1544346900318823e-05,679.4225238484552,367.22095840473986,1.1644500203092968e-05
309,2.1544346900318823e-05,6,1,0.012648552168552958,2.1544346900318823e-05,679.4225238484552,371.42016705908094,1.1777656236018548e-05
310,2.1544346900318823e-05,6,1,0.016768329368110083,2.1544346900318823e-05,679.4225238484552,376.2641980161489,1.1931259450030089e-05
311,2.1544346900318823e-05,6,1,0.022229964825261943,2.1544346900318823e-05,679.4225238484552,381.86314288860376,1.2108800827264198e-05
312,2.1544346900318823e-05,6,1,0.029470517025518096,2.1544346900318823e-05,679.4225238484552,388.3506843489625,1.2314519417458222e-05
313,2.1544346900318823e-05,6,1,0.03906939937054617,2.1544346900318823e-05,679.4225238484552,395.86836875636004,1.2552903626216389e-05
314,2.1544346900318823e-05,6,1,0.0517947467923121,2.1544346900318823e-05,679.4225238484552,404.62065196288023,1.283043670607814e-05
315,2.1544346900318823e-05,6,1,0.06866488450043001,2.1544346900318823e-05,679.4225238484552,414.8277171938445,1.3154100621316732e-05
316,2.1544346900318823e-05,6,1,0.09102981779915217,2.1544346900318823e-05,679.4225238484552,426.8119756006161,1.3534118962475143e-05
317,2.1544346900318823e-05,6,1,0.1206792640639329,2.1544346900318823e-05,679.4225238484552,440.9666115141258,1.3982959522898459e-05
318,2.1544346900318823e-05,6,1,0.15998587196060574,2.1544346900318823e-05,679.4225238484552,457.8735377441515,1.4519074636737428e-05
319,2.1544346900318823e-05,6,1,0.21209508879201905,2.1544346900318823e-05,679.4225238484552,478.4134871919779,1.5170392161085042e-05
320,2.1544346900318823e-05,6,1,0.28117686979742307,2.1544346900318823e-05,679.4225238484552,504.05696925528656,1.598354164305196e-05
321,2.1544346900318823e-05,6,1,0.3727593720314938,2.1544346900318823e-05,679.4225238484552,537.7305249283154,1.705132308879742e-05
322,2.1544346900318823e-05,6,1,0.49417133613238334,2.1544346900318823e-05,679.4225238484552,588.4535011417615,1.8659738113323234e-05
323,2.1544346900318823e-05,6,1,0.655128556859551,2.1544346900318823e-05,679.4225238484552,678.9571444110203,2.1529589815164266e-05
324,2.1544346900318823e-05,6,1,0.868511373751352,2.1544346900318823e-05,679.4225238484552,678.9571444110203,2.1529589815164266e-05
325,2.1544346900318823e-05,6,1,1.151395399326447,2.1544346900318823e-05,679.4225238484552,678.9571444110203,2.1529589815164266e-05
326,2.1544346900318823e-05,6,1,1.5264179671752334,2.1544346900318823e-05,679.4225238484552,678.9571444110203,2.1529589815164266e-05
327,2.1544346900318823e-05,6,1,2.023589647725158,2.1544346900318823e-05,679.4225238484552,678.9571444110203,2.1529589815164266e-05
328,2.1544346900318823e-05,6,1,2.6826957952797246,2.1544346900318823e-05,679.4225238484552,678.9571444110203,2.1529589815164266e-05
329,2.1544346900318823e-05,6,1,3.5564803062231287,2.1544346900318823e-05,679.4225238484552,678.9571444110203,2.1529589815164266e-05
330,2.1544346900318823e-05,6,1,4.714866363457395,2.1544346900318823e-05,679.4225238484552,678.9571444110203,2.1529589815164266e-05
331,2.1544346900318823e-05,6,1,6.25055192527397,2.1544346900318823e-05,679.4225238484552,678.9571444110203,2.1529589815164266e-05
332,2.1544346900318823e-05,6,1,8.286427728546842,2.1544346900318823e-05,679.4225238484552,678.9571444110203,2.1529589815164266e-05
333,2.1544346900318823e-05,6,1,10.985411419875572,2.1544346900318823e-05,679.4225238484552,678.9571444110203,2.1529589815164266e-05
334,2.1544346900318823e-05,6,1,14.563484775012444,2.1544346900318823e-05,679.4225238484552,678.9571444110203,2.1529589815164266e-05
335,2.1544346900318823e-05,6,1,19.306977288832496,2.1544346900318823e-05,679.4225238484552,678.9571444110203,2.1529589815164266e-05
336,2.1544346900318823e-05,6,1,25.595479226995334,2.1544346900318823e-05,679.4225238484552,678.9571444110203,2.1529589815164266e-05
337,2.1544346900318823e-05,6,1,33.9322177189533,2.1544346900318823e-05,679.4225238484552,678.9571444110203,2.1529589815164266e-05
338,2.1544346900318823e-05,6,1,44.98432668969444,2.1544346900318823e-05,679.4225238484552,678.9571444110203,2.1529589815164266e-05
339,2.1544346900318823e-05,6,1,59.636233165946365,2.1544346900318823e-05,679.4225238484552,678.9571444110203,2.1529589815164266e-05
340,2.1544346900318823e-05,6,1,79.06043210907701,2.1544346900318823e-05,679.4225238484552,678.9571444110203,2.1529589815164266e-05
341,2.1544346900318823e-05,6,1,104.81131341546852,2.1544346900318823e-05,679.4225238484552,678.9571444110203,2.1529589815164266e-05
342,2.1544346900318823e-05,6,1,138.9495494373136,2.1544346900318823e-05,679.4225238484552,678.9571444110203,2.1529589815164266e-05
343,2.1544346900318823e-05,6,1,184.20699693267164,2.1544346900318823e-05,679.4225238484552,678.9571444110203,2.1529589815164266e-05
344,2.1544346900318823e-05,6,1,244.205309454865,2.1544346900318823e-05,679.4225238484552,678.9571444110203,2.1529589815164266e-05
345,2.1544346900318823e-05,6,1,323.745754281764,2.1544346900318823e-05,679.4225238484552,678.9571444110203,2.1529589815164266e-05
346,2.1544346900318823e-05,6,1,429.1934260128778,2.1544346900318823e-05,679.4225238484552,678.9571444110203,2.1529589815164266e-05
347,2.1544346900318823e-05,6,1,568.9866029018293,2.1544346900318823e-05,679.4225238484552,678.9571444110203,2.1529589815164266e-05
348,2.1544346900318823e-05,6,1,754.3120063354608,2.1544346900318823e-05,679.4225238484552,678.9571444110203,2.1529589815164266e-05
349,2.1544346900318823e-05,6,1,1000.0,2.1544346900318823e-05,679.4225238484552,678.9571444110203,2.1529589815164266e-05
350,3.5938136638046256e-05,7,1,0.001,3.5938136638046256e-05,1133.3450770174272,578.1413682396135,1.8332742524087185e-05
351,3.5938136638046256e-05,7,1,0.0013257113655901094,3.5938136638046256e-05,1133.3450770174272,579.8728676628349,1.8387648010617546e-05
352,3.5938136638046256e-05,7,1,0.0017575106248547913,3.5938136638046256e-05,1133.3450770174272,581.879832903386,1.8451288460914067e-05
353,3.5938136638046256e-05,7,1,0.002329951810515372,3.5938136638046256e-05,1133.3450770174272,584.1884988010142,1.852449577628787e-05
354,3.5938136638046256e-05,7,1,0.0030888435964774815,3.5938136638046256e-05,1133.3450770174272,586.8382176153375,1.8608517808705526e-05
355,3.5938136638046256e-05,7,1,0.004094915062380427,3.5938136638046256e-05,1133.3450770174272,589.8945764457203,1.870543431144471e-05
356,3.5938136638046256e-05,7,1,0.005428675439323859,3.5938136638046256e-05,1133.3450770174272,593.423162391527,1.8817325037783072e-05
357,3.5938136638046256e-05,7,1,0.0071968567300115215,3.5938136638046256e-05,1133.3450770174272,597.489562552122,1.894626974099829e-05
358,3.5938136638046256e-05,7,1,0.009540954763499945,3.5938136638046256e-05,1133.3450770174272,602.1593640268695,1.909434817436801e-05
359,3.5938136638046256e-05,7,1,0.012648552168552958,3.5938136638046256e-05,1133.3450770174272,607.5637410144993,1.9265719844447596e-05
360,3.5938136638046256e-05,7,1,0.016768329368110083,3.5938136638046256e-05,1133.3450770174272,613.7813980342478,1.946288045517021e-05
361,3.5938136638046256e-05,7,1,0.022229964825261943,3.5938136638046256e-05,1133.3450770174272,620.9697441245899,1.9690821414402266e-05
362,3.5938136638046256e-05,7,1,0.029470517025518096,3.5938136638046256e-05,1133.3450770174272,629.273070904127,1.9954118179354614e-05
363,3.5938136638046256e-05,7,1,0.03906939937054617,3.5938136638046256e-05,1133.3450770174272,638.8750222510805,2.0258594059204733e-05
364,3.5938136638046256e-05,7,1,0.0517947467923121,3.5938136638046256e-05,1133.3450770174272,649.9854768834163,2.0610904264441156e-05
365,3.5938136638046256e-05,7,1,0.06866488450043001,3.5938136638046256e-05,1133.3450770174272,662.8930180383372,2.102019970948558e-05
366,3.5938136638046256e-05,7,1,0.09102981779915217,3.5938136638046256e-05,1133.3450770174272,677.899346372921,2.1496047259415303e-05
367,3.5938136638046256e-05,7,1,0.1206792640639329,3.5938136638046256e-05,1133.3450770174272,695.4373367429707,2.2052173285862847e-05
368,3.5938136638046256e-05,7,1,0.15998587196060574,3.5938136638046256e-05,1133.3450770174272,716.0316859434039,2.270521581504959e-05
369,3.5938136638046256e-05,7,1,0.21209508879201905,3.5938136638046256e-05,1133.3450770174272,740.416969487102,2.3478468083685376e-05
370,3.5938136638046256e-05,7,1,0.28117686979742307,3.5938136638046256e-05,1133.3450770174272,769.6163461241482,2.4404374242901706e-05
371,3.5938136638046256e-05,7,1,0.3727593720314938,3.5938136638046256e-05,1133.3450770174272,805.2170236591649,2.5533264322018165e-05
372,3.5938136638046256e-05,7,1,0.49417133613238334,3.5938136638046256e-05,1133.3450770174272,849.999895105201,2.695331986000764e-05
373,3.5938136638046256e-05,7,1,0.655128556859551,3.5938136638046256e-05,1133.3450770174272,909.6776147859699,2.8845687937150238e-05
374,3.5938136638046256e-05,7,1,0.868511373751352,3.5938136638046256e-05,1133.3450770174272,1004.596846264195,3.1855557022583555e-05
375,3.5938136638046256e-05,7,1,1.151395399326447,3.5938136638046256e-05,1133.3450770174272,1132.546819126448,3.591282404637393e-05
376,3.5938136638046256e-05,7,1,1.5264179671752334,3.5938136638046256e-05,1133.3450770174272,1132.546819126448,3.591282404637393e-05
377,3.5938136638046256e-05,7,1,2.023589647725158,3.5938136638046256e-05,1133.3450770174272,1132.546819126448,3.591282404637393e-05
378,3.5938136638046256e-05,7,1,2.6826957952797246,3.5938136638046256e-05,1133.3450770174272,1132.546819126448,3.591282404637393e-05
379,3.5938136638046256e-05,7,1,3.5564803062231287,3.5938136638046256e-05,1133.3450770174272,1132.546819126448,3.591282404637393e-05
380,3.5938136638046256e-05,7,1,4.714866363457395,3.5938136638046256e-05,1133.3450770174272,1132.546819126448,3.591282404637393e-05
381,3.5938136638046256e-05,7,1,6.25055192527397,3.5938136638046256e-05,1133.3450770174272,1132.546819126448,3.591282404637393e-05
382,3.5938136638046256e-05,7,1,8.286427728546842,3.5938136638046256e-05,1133.3450770174272,1132.546819126448,3.591282404637393e-05
383,3.5938136638046256e-05,7,1,10.985411419875572,3.5938136638046256e-05,1133.3450770174272,1132.546819126448,3.591282404637393e-05
384,3.5938136638046256e-05,7,1,14.563484775012444,3.5938136638046256e-05,1133.3450770174272,1132.546819126448,3.591282404637393e-05
385,3.5938136638046256e-05,7,1,19.306977288832496,3.5938136638046256e-05,1133.3450770174272,1132.546819126448,3.591282404637393e-05
386,3.5938136638046256e-05,7,1,25.595479226995334,3.5938136638046256e-05,1133.3450770174272,1132.546819126448,3.591282404637393e-05
387,3.5938136638046256e-05,7,1,33.9322177189533,3.5938136638046256e-05,1133.3450770174272,1132.546819126448,3.591282404637393e-05
388,3.5938136638046256e-05,7,1,44.98432668969444,3.5938136638046256e-05,1133.3450770174272,1132.546819126448,3.591282404637393e-05
389,3.5938136638046256e-05,7,1,59.636233165946365,3.5938136638046256e-05,1133.3450770174272,1132.546819126448,3.591282404637393e-05
390,3.5938136638046256e-05,7,1,79.06043210907701,3.5938136638046256e-05,1133.3450770174272,1132.546819126448,3.591282404637393e-05
391,3.5938136638046256e-05,7,1,104.81131341546852,3.5938136638046256e-05,1133.3450770174272,1132.546819126448,3.591282404637393e-05
392,3.5938136638046256e-05,7,1,138.9495494373136,3.5938136638046256e-05,1133.3450770174272,1132.546819126448,3.591282404637393e-05
393,3.5938136638046256e-05,7,1,184.20699693267164,3.5938136638046256e-05,1133.3450770174272,1132.546819126448,3.591282404637393e-05
394,3.5938136638046256e-05,7,1,244.205309454865,3.5938136638046256e-05,1133.3450770174272,1132.546819126448,3.591282404637393e-05
395,3.5938136638046256e-05,7,1,323.745754281764,3.5938136638046256e-05,1133.3450770174272,1132.546819126448,3.591282404637393e-05
396,3.5938136638046256e-05,7,1,429.1934260128778,3.5938136638046256e-05,1133.3450770174272,1132.546819126448,3.591282404637393e-05
397,3.5938136638046256e-05,7,1,568.9866029018293,3.5938136638046256e-05,1133.3450770174272,1132.546819126448,3.591282404637393e-05
398,3.5938136638046256e-05,7,1,754.3120063354608,3.5938136638046256e-05,1133.3450770174272,1132.546819126448,3.591282404637393e-05
399,3.5938136638046256e-05,7,1,1000.0,3.5938136638046256e-05,1133.3450770174272,1132.546819126448,3.591282404637393e-05
400,5.994842503189409e-05,8,1,0.001,5.994842503189409e-05,1890.533531805803,960.0654542609805,3.0443475845414144e-05
401,5.994842503189409e-05,8,1,0.0013257113655901094,5.994842503189409e-05,1890.533531805803,962.3192153000542,3.0514942139144287e-05
402,5.994842503189409e-05,8,1,0.0017575106248547913,5.994842503189409e-05,1890.533531805803,964.9011939661777,3.059681614555358e-05
403,5.994842503189409e-05,8,1,0.002329951810515372,5.994842503189409e-05,1890.533531805803,967.8770337847609,3.0691179407177856e-05
404,5.994842503189409e-05,8,1,0.0030888435964774815,5.994842503189409e-05,1890.533531805803,971.3123782812133,3.0800113466552936e-05
405,5.994842503189409e-05,8,1,0.004094915062380427,5.994842503189409e-05,1890.533531805803,975.2509898058084,3.09250060187027e-05
406,5.994842503189409e-05,8,1,0.005428675439323859,5.994842503189409e-05,1890.533531805803,979.8022742342291,3.106932630118687e-05
407,5.994842503189409e-05,8,1,0.0071968567300115215,5.994842503189409e-05,1890.533531805803,985.0318750918861,3.123515585654129e-05
408,5.994842503189409e-05,8,1,0.009540954763499945,5.994842503189409e-05,1890.533531805803,991.0710794295987,3.142665776983761e-05
409,5.994842503189409e-05,8,1,0.012648552168552958,5.994842503189409e-05,1890.533531805803,998.02929312305,3.164730127863553e-05
410,5.994842503189409e-05,8,1,0.016768329368110083,5.994842503189409e-05,1890.533531805803,1006.0378032230603,3.1901249468006736e-05
411,5.994842503189409e-05,8,1,0.022229964825261943,5.994842503189409e-05,1890.533531805803,1015.2935403058585,3.219474696555868e-05
412,5.994842503189409e-05,8,1,0.029470517025518096,5.994842503189409e-05,1890.533531805803,1025.9496725974027,3.253265070387502e-05
413,5.994842503189409e-05,8,1,0.03906939937054617,5.994842503189409e-05,1890.533531805803,1038.268774199333,3.292328685309909e-05
414,5.994842503189409e-05,8,1,0.0517947467923121,5.994842503189409e-05,1890.533531805803,1052.469656863015,3.3373593888350296e-05
415,5.994842503189409e-05,8,1,0.06866488450043001,5.994842503189409e-05,1890.533531805803,1068.924300565771,3.3895367217331656e-05
416,5.994842503189409e-05,8,1,0.09102981779915217,5.994842503189409e-05,1890.533531805803,1087.9828041097876,3.449970840023426e-05
417,5.994842503189409e-05,8,1,0.1206792640639329,5.994842503189409e-05,1890.533531805803,1110.1265533480714,3.5201882082320886e-05
418,5.994842503189409e-05,8,1,0.15998587196060574,5.994842503189409e-05,1890.533531805803,1135.8806964839011,3.6018540603878144e-05
419,5.994842503189409e-05,8,1,0.21209508879201905,5.994842503189409e-05,1890.533531805803,1166.0110746470593,3.6973968627824054e-05
420,5.994842503189409e-05,8,1,0.28117686979742307,5.994842503189409e-05,1890.533531805803,1201.436697193286,3.809730774966026e-05
421,5.994842503189409e-05,8,1,0.3727593720314938,5.994842503189409e-05,1890.533531805803,1243.4485534556432,3.942949497259142e-05
422,5.994842503189409e-05,8,1,0.49417133613238334,5.994842503189409e-05,1890.533531805803,1293.8846621456075,4.102881348762074e-05
423,5.994842503189409e-05,8,1,0.655128556859551,5.994842503189409e-05,1890.533531805803,1355.6771007314903,4.298823886134863e-05
424,5.994842503189409e-05,8,1,0.868511373751352,5.994842503189409e-05,1890.533531805803,1433.967525731427,4.547081195241714e-05
425,5.994842503189409e-05,8,1,1.151395399326447,5.994842503189409e-05,1890.533531805803,1540.3023634971132,4.8842667538594406e-05
426,5.994842503189409e-05,8,1,1.5264179671752334,5.994842503189409e-05,1890.533531805803,1723.6879527815038,5.465778642762252e-05
427,5.994842503189409e-05,8,1,2.023589647725158,5.994842503189409e-05,1890.533531805803,1889.238585876787,5.990736256585448e-05
428,5.994842503189409e-05,8,1,2.6826957952797246,5.994842503189409e-05,1890.533531805803,1889.238585876787,5.990736256585448e-05
429,5.994842503189409e-05,8,1,3.5564803062231287,5.994842503189409e-05,1890.533531805803,1889.238585876787,5.990736256585448e-05
430,5.994842503189409e-05,8,1,4.714866363457395,5.994842503189409e-05,1890.533531805803,1889.238585876787,5.990736256585448e-05
431,5.994842503189409e-05,8,1,6.25055192527397,5.994842503189409e-05,1890.533531805803,1889.238585876787,5.990736256585448e-05
432,5.994842503189409e-05,8,1,8.286427728546842,5.994842503189409e-05,1890.533531805803,1889.238585876787,5.990736256585448e-05
433,5.994842503189409e-05,8,1,10.985411419875572,5.994842503189409e-05,1890.533531805803,1889.238585876787,5.990736256585448e-05
434,5.994842503189409e-05,8,1,14.563484775012444,5.994842503189409e-05,1890.533531805803,1889.238585876787,5.990736256585448e-05
435,5.994842503189409e-05,8,1,19.306977288832496,5.994842503189409e-05,1890.533531805803,1889.238585876787,5.990736256585448e-05
436,5.994842503189409e-05,8,1,25.595479226995334,5.994842503189409e-05,1890.533531805803,1889.238585876787,5.990736256585448e-05
437,5.994842503189409e-05,8,1,33.9322177189533,5.994842503189409e-05,1890.533531805803,1889.238585876787,5.990736256585448e-05
438,5.994842503189409e-05,8,1,44.98432668969444,5.994842503189409e-05,1890.533531805803,1889.238585876787,5.990736256585448e-05
439,5.994842503189409e-05,8,1,59.636233165946365,5.994842503189409e-05,1890.533531805803,1889.238585876787,5.990736256585448e-05
440,5.994842503189409e-05,8,1,79.06043210907701,5.994842503189409e-05,1890.533531805803,1889.238585876787,5.990736256585448e-05
441,5.994842503189409e-05,8,1,104.81131341546852,5.994842503189409e-05,1890.533531805803,1889.238585876787,5.990736256585448e-05
442,5.994842503189409e-05,8,1,138.9495494373136,5.994842503189409e-05,1890.533531805803,1889.238585876787,5.990736256585448e-05
443,5.994842503189409e-05,8,1,184.20699693267164,5.994842503189409e-05,1890.533531805803,1889.238585876787,5.990736256585448e-05
444,5.994842503189409e-05,8,1,244.205309454865,5.994842503189409e-05,1890.533531805803,1889.238585876787,5.990736256585448e-05
445,5.994842503189409e-05,8,1,323.745754281764,5.994842503189409e-05,1890.533531805803,1889.238585876787,5.990736256585448e-05
446,5.994842503189409e-05,8,1,429.1934260128778,5.994842503189409e-05,1890.533531805803,1889.238585876787,5.990736256585448e-05
447,5.994842503189409e-05,8,1,568.9866029018293,5.994842503189409e-05,1890.533531805803,1889.238585876787,5.990736256585448e-05
448,5.994842503189409e-05,8,1,754.3120063354608,5.994842503189409e-05,1890.533531805803,1889.238585876787,5.990736256585448e-05
449,5.994842503189409e-05,8,1,1000.0,5.994842503189409e-05,1890.533531805803,1889.238585876787,5.990736256585448e-05
450,0.0001,9,1,0.001,0.0001,3153.600000000004,1595.9011999999668,5.060569507863923e-05
451,0.0001,9,1,0.0013257113655901094,0.0001,3153.600000000004,1598.821199999967,5.069828767123183e-05
452,0.0001,9,1,0.0017575106248547913,0.0001,3153.600000000004,1602.142699999966,5.0803611745305875e-05
453,0.0001,9,1,0.002329951810515372,0.0001,3153.600000000004,1606.0116999999657,5.0926296930491046e-05
454,0.0001,9,1,0.0030888435964774815,0.0001,3153.600000000004,1610.4281999999655,5.106634322678734e-05
455,0.0001,9,1,0.004094915062380427,0.0001,3153.600000000004,1615.5016999999646,5.122722285641694e-05
456,0.0001,9,1,0.005428675439323859,0.0001,3153.600000000004,1621.3781999999635,5.14135654490095e-05
457,0.0001,9,1,0.0071968567300115215,0.0001,3153.600000000004,1628.1306999999633,5.162768581937986e-05
458,0.0001,9,1,0.009540954763499945,0.0001,3153.600000000004,1635.9416999999619,5.1875371004565e-05
459,0.0001,9,1,0.012648552168552958,0.0001,3153.600000000004,1644.9206999999615,5.216009322678721e-05
460,0.0001,9,1,0.016768329368110083,0.0001,3153.600000000004,1655.2501999999606,5.248763952308348e-05
461,0.0001,9,1,0.022229964825261943,0.0001,3153.600000000004,1667.1491999999594,5.286495433789825e-05
462,0.0001,9,1,0.029470517025518096,0.0001,3153.600000000004,1680.8731999999586,5.3300139523083416e-05
463,0.0001,9,1,0.03906939937054617,0.0001,3153.600000000004,1696.7141999999567,5.380245433789817e-05
464,0.0001,9,1,0.0517947467923121,0.0001,3153.600000000004,1714.9641999999553,5.438115804160183e-05
465,0.0001,9,1,0.06866488450043001,0.0001,3153.600000000004,1736.0611999999524,5.5050139523083215e-05
466,0.0001,9,1,0.09102981779915217,0.0001,3153.600000000004,1760.4431999999504,5.58232876712313e-05
467,0.0001,9,1,0.1206792640639329,0.0001,3153.600000000004,1788.6211999999477,5.671680618974974e-05
468,0.0001,9,1,0.15998587196060574,0.0001,3153.600000000004,1821.2886999999441,5.775268581937925e-05
469,0.0001,9,1,0.21209508879201905,0.0001,3153.600000000004,1859.248699999941,5.895638952308286e-05
470,0.0001,9,1,0.28117686979742307,0.0001,3153.600000000004,1903.4866999999374,6.035916730086052e-05
471,0.0001,9,1,0.3727593720314938,0.0001,3153.600000000004,1955.2436999999318,6.200037100456404e-05
472,0.0001,9,1,0.49417133613238334,0.0001,3153.600000000004,2016.1986999999249,6.39332413749342e-05
473,0.0001,9,1,0.655128556859551,0.0001,3153.600000000004,2088.6146999999182,6.622953767123028e-05
474,0.0001,9,1,0.868511373751352,0.0001,3153.600000000004,2175.813199999908,6.899458396752626e-05
475,0.0001,9,1,1.151395399326447,0.0001,3153.600000000004,2283.1596999998965,7.239851915271108e-05
476,0.0001,9,1,1.5264179671752334,0.0001,3153.600000000004,2420.357599999881,7.674903602231993e-05
477,0.0001,9,1,2.023589647725158,0.0001,3153.600000000004,2610.984399999862,8.279377219685002e-05
478,0.0001,9,1,2.6826957952797246,0.0001,3153.600000000004,2993.948799999823,9.4937493658036e-05
479,0.0001,9,1,3.5564803062231287,0.0001,3153.600000000004,3151.378799999803,9.992956621003941e-05
480,0.0001,9,1,4.714866363457395,0.0001,3153.600000000004,3151.378799999803,9.992956621003941e-05
481,0.0001,9,1,6.25055192527397,0.0001,3153.600000000004,3151.378799999803,9.992956621003941e-05
482,0.0001,9,1,8.286427728546842,0.0001,3153.600000000004,3151.378799999803,9.992956621003941e-05
483,0.0001,9,1,10.985411419875572,0.0001,3153.600000000004,3151.378799999803,9.992956621003941e-05
484,0.0001,9,1,14.563484775012444,0.0001,3153.600000000004,3151.378799999803,9.992956621003941e-05
485,0.0001,9,1,19.306977288832496,0.0001,3153.600000000004,3151.378799999803,9.992956621003941e-05
486,0.0001,9,1,25.595479226995334,0.0001,3153.600000000004,3151.378799999803,9.992956621003941e-05
487,0.0001,9,1,33.9322177189533,0.0001,3153.600000000004,3151.378799999803,9.992956621003941e-05
488,0.0001,9,1,44.98432668969444,0.0001,3153.600000000004,3151.378799999803,9.992956621003941e-05
489,0.0001,9,1,59.636233165946365,0.0001,3153.600000000004,3151.378799999803,9.992956621003941e-05
490,0.0001,9,1,79.06043210907701,0.0001,3153.600000000004,3151.378799999803,9.992956621003941e-05
491,0.0001,9,1,104.81131341546852,0.0001,3153.600000000004,3151.378799999803,9.992956621003941e-05
492,0.0001,9,1,138.9495494373136,0.0001,3153.600000000004,3151.378799999803,9.992956621003941e-05
493,0.0001,9,1,184.20699693267164,0.0001,3153.600000000004,3151.378799999803,9.992956621003941e-05
494,0.0001,9,1,244.205309454865,0.0001,3153.600000000004,3151.378799999803,9.992956621003941e-05
495,0.0001,9,1,323.745754281764,0.0001,3153.600000000004,3151.378799999803,9.992956621003941e-05
496,0.0001,9,1,429.1934260128778,0.0001,3153.600000000004,3151.378799999803,9.992956621003941e-05
497,0.0001,9,1,568.9866029018293,0.0001,3153.600000000004,3151.378799999803,9.992956621003941e-05
498,0.0001,9,1,754.3120063354608,0.0001,3153.600000000004,3151.378799999803,9.992956621003941e-05
499,0.0001,9,1,1000.0,0.0001,3153.600000000004,3151.378799999803,9.992956621003941e-05
